hostname	config	avg_tokens_per_second	stddev_tokens_per_second	raw_timings
switchblade	cpu (-t 1)	3.802	0.004	[["0.8400", "263.2900", "263.2900"], ["0.8500", "263.0000", "263.0000"], ["0.8500", "263.1000", "263.1000"], ["0.8500", "263.1000", "263.1000"], ["0.8500", "262.3800", "262.3800"]]
switchblade	cpu (-t 2)	7.506	0.0185	[["0.8600", "133.6100", "133.6100"], ["0.8400", "132.7400", "132.7400"], ["0.8500", "132.9000", "132.9000"], ["0.8500", "133.1000", "133.1000"], ["0.8400", "133.5600", "133.5600"]]
switchblade	cpu (-t 3)	10.398	0.0194	[["0.8500", "96.0200", "96.0200"], ["0.8600", "96.4700", "96.4700"], ["0.8500", "96.3500", "96.3500"], ["0.8500", "95.9800", "95.9800"], ["0.8600", "96.0800", "96.0800"]]
switchblade	cpu (-t 4)	12.65	0.0141	[["0.8600", "79.0400", "79.0400"], ["0.8500", "78.9800", "78.9800"], ["0.8600", "79.1800", "79.1800"], ["0.8600", "79.1400", "79.1400"], ["0.8500", "78.9400", "78.9400"]]
switchblade	cpu (-t 5)	9.412	0.0075	[["0.8700", "106.3900", "106.3900"], ["0.8500", "106.3100", "106.3100"], ["0.8500", "106.1300", "106.1300"], ["0.8400", "106.2600", "106.2600"], ["0.8400", "106.1500", "106.1500"]]
switchblade	cpu (-t 6)	10.792	0.0757	[["0.8600", "93.4600", "93.4600"], ["0.8700", "91.6300", "91.6300"], ["0.8500", "93.2400", "93.2400"], ["0.8500", "92.7800", "92.7800"], ["0.8600", "92.2800", "92.2800"]]
switchblade	cpu (-t 7)	11.944	0.135	[["0.8600", "82.6100", "82.6100"], ["0.8900", "82.7100", "82.7100"], ["0.8900", "84.1100", "84.1100"], ["0.9000", "85.0000", "85.0000"], ["0.8700", "84.2300", "84.2300"]]
switchblade	cpu (-t 8)	12.75	0.0672	[["0.8600", "78.1600", "78.1600"], ["0.8800", "78.5700", "78.5700"], ["0.8700", "78.8400", "78.8400"], ["0.8700", "78.8100", "78.8100"], ["0.8600", "77.7900", "77.7900"]]
switchblade	cpu (-t 9)	0.442	0.0133	[["0.8900", "2272.5700", "2272.5700"], ["0.9000", "2255.1300", "2255.1300"], ["0.8800", "2187.3800", "2187.3800"], ["0.8900", "2407.9100", "2407.9100"], ["0.8800", "2198.9300", "2198.9300"]]
switchblade	cpu (openblas, -t 1)	3.844	0.008	[["0.8500", "260.7700", "260.7700"], ["0.8500", "259.9900", "259.9900"], ["0.8400", "260.0200", "260.0200"], ["0.8400", "259.6300", "259.6300"], ["0.8500", "260.2600", "260.2600"]]
switchblade	cpu (openblas, -t 2)	7.58	0.0126	[["0.8400", "132.2100", "132.2100"], ["0.8400", "131.5800", "131.5800"], ["0.8400", "131.8800", "131.8800"], ["0.8400", "131.8900", "131.8900"], ["0.8400", "131.9300", "131.9300"]]
switchblade	cpu (openblas, -t 3)	10.452	0.0133	[["0.8400", "95.8700", "95.8700"], ["0.8300", "95.6800", "95.6800"], ["0.8400", "95.5400", "95.5400"], ["0.8400", "95.7200", "95.7200"], ["0.8400", "95.5600", "95.5600"]]
switchblade	cpu (openblas, -t 4)	12.654	0.1527	[["0.8500", "80.9700", "80.9700"], ["0.8400", "78.4600", "78.4600"], ["0.8400", "78.6600", "78.6600"], ["0.8500", "78.5200", "78.5200"], ["0.8600", "78.5900", "78.5900"]]
switchblade	cpu (openblas, -t 5)	9.408	0.0435	[["0.8400", "106.7400", "106.7400"], ["0.8400", "106.4900", "106.4900"], ["0.8400", "105.7400", "105.7400"], ["0.8500", "106.8900", "106.8900"], ["0.8600", "105.7400", "105.7400"]]
switchblade	cpu (openblas, -t 6)	10.846	0.0504	[["0.8500", "91.6500", "91.6500"], ["0.8400", "92.4200", "92.4200"], ["0.8600", "92.7400", "92.7400"], ["0.8500", "92.4100", "92.4100"], ["0.8600", "91.7200", "91.7200"]]
switchblade	cpu (openblas, -t 7)	11.944	0.1059	[["0.8800", "84.5500", "84.5500"], ["0.8700", "84.2200", "84.2200"], ["0.8500", "82.6200", "82.6200"], ["0.8700", "84.1600", "84.1600"], ["0.8900", "83.0600", "83.0600"]]
switchblade	cpu (openblas, -t 8)	12.744	0.0791	[["0.8600", "78.8800", "78.8800"], ["0.8700", "78.0500", "78.0500"], ["0.8600", "78.1100", "78.1100"], ["0.8600", "79.2700", "79.2700"], ["0.8700", "78.0600", "78.0600"]]
switchblade	cpu (openblas, -t 9)	0.434	0.015	[["0.8800", "2301.4700", "2301.4700"], ["0.8800", "2389.2500", "2389.2500"], ["0.8800", "2356.2800", "2356.2800"], ["0.8600", "2283.6000", "2283.6000"], ["0.8800", "2167.5900", "2167.5900"]]
reticent-iris	cpu (-t 1)	2.78	0.0502	[["0.8200", "357.1700", "357.1700"], ["0.8300", "356.4400", "356.4400"], ["0.8300", "357.4000", "357.4000"], ["0.8300", "372.7100", "372.7100"], ["0.8300", "355.9100", "355.9100"]]
reticent-iris	cpu (-t 2)	5.246	0.1623	[["0.8200", "187.4100", "187.4100"], ["0.8200", "200.4900", "200.4900"], ["0.8200", "195.4700", "195.4700"], ["0.8100", "185.6300", "185.6300"], ["0.8200", "185.5600", "185.5600"]]
reticent-iris	cpu (-t 3)	7.864	0.0326	[["0.8200", "126.4000", "126.4000"], ["0.8200", "127.8100", "127.8100"], ["0.8100", "126.6900", "126.6900"], ["0.8200", "127.5400", "127.5400"], ["0.8200", "127.1500", "127.1500"]]
reticent-iris	cpu (-t 4)	10.07	0.0775	[["0.8200", "99.1700", "99.1700"], ["0.8300", "100.7900", "100.7900"], ["0.8200", "98.6000", "98.6000"], ["0.8200", "98.9600", "98.9600"], ["0.8200", "99.0000", "99.0000"]]
reticent-iris	cpu (-t 5)	7.266	0.015	[["0.8200", "137.8600", "137.8600"], ["0.8300", "137.5500", "137.5500"], ["0.8200", "137.1500", "137.1500"], ["0.8200", "137.5000", "137.5000"], ["0.8300", "138.0000", "138.0000"]]
reticent-iris	cpu (-t 6)	8.536	0.0102	[["0.8200", "117.0000", "117.0000"], ["0.8200", "117.1000", "117.1000"], ["0.8200", "117.1200", "117.1200"], ["0.8200", "117.3200", "117.3200"], ["0.8200", "117.2400", "117.2400"]]
reticent-iris	cpu (-t 7)	9.768	0.0147	[["0.8200", "102.7200", "102.7200"], ["0.8200", "102.3300", "102.3300"], ["0.8200", "102.3800", "102.3800"], ["0.8200", "102.2700", "102.2700"], ["0.8100", "102.2200", "102.2200"]]
reticent-iris	cpu (-t 8)	10.746	0.048	[["0.8200", "92.4600", "92.4600"], ["0.8200", "93.1000", "93.1000"], ["0.8200", "93.1000", "93.1000"], ["0.8200", "92.9700", "92.9700"], ["0.8200", "93.7500", "93.7500"]]
reticent-iris	cpu (-t 9)	0.208	0.004	[["0.8200", "4788.9400", "4788.9400"], ["0.8200", "4668.6200", "4668.6200"], ["0.8200", "4795.6100", "4795.6100"], ["0.8100", "4902.9400", "4902.9400"], ["0.8200", "4783.2800", "4783.2800"]]
reticent-iris	cpu (openblas, -t 1)	2.786	0.0136	[["0.8200", "357.3900", "357.3900"], ["0.8300", "356.9300", "356.9300"], ["0.8200", "358.5300", "358.5300"], ["0.8200", "360.3800", "360.3800"], ["0.8200", "361.2400", "361.2400"]]
reticent-iris	cpu (openblas, -t 2)	5.364	0.0781	[["0.8200", "185.0500", "185.0500"], ["0.8200", "184.8200", "184.8200"], ["0.8100", "184.6100", "184.6100"], ["0.8200", "185.9500", "185.9500"], ["0.8200", "192.0500", "192.0500"]]
reticent-iris	cpu (openblas, -t 3)	7.76	0.1717	[["0.8200", "127.9100", "127.9100"], ["0.8200", "126.7500", "126.7500"], ["0.8200", "134.8500", "134.8500"], ["0.8100", "127.7300", "127.7300"], ["0.8200", "127.5300", "127.5300"]]
reticent-iris	cpu (openblas, -t 4)	9.992	0.1777	[["0.8200", "99.4100", "99.4100"], ["0.8200", "103.6100", "103.6100"], ["0.8200", "99.9300", "99.9300"], ["0.8200", "98.4400", "98.4400"], ["0.8200", "99.2400", "99.2400"]]
reticent-iris	cpu (openblas, -t 5)	7.274	0.012	[["0.8200", "137.8400", "137.8400"], ["0.8300", "137.2800", "137.2800"], ["0.8300", "137.3200", "137.3200"], ["0.8200", "137.3100", "137.3100"], ["0.8200", "137.2800", "137.2800"]]
reticent-iris	cpu (openblas, -t 6)	8.52	0.0063	[["0.8200", "117.3500", "117.3500"], ["0.8200", "117.1900", "117.1900"], ["0.8200", "117.3600", "117.3600"], ["0.8200", "117.5100", "117.5100"], ["0.8200", "117.4100", "117.4100"]]
reticent-iris	cpu (openblas, -t 7)	9.766	0.0136	[["0.8200", "102.5700", "102.5700"], ["0.8200", "102.2800", "102.2800"], ["0.8200", "102.3900", "102.3900"], ["0.8200", "102.2700", "102.2700"], ["0.8200", "102.5200", "102.5200"]]
reticent-iris	cpu (openblas, -t 8)	10.69	0.046	[["0.8200", "93.2100", "93.2100"], ["0.8200", "93.3500", "93.3500"], ["0.8200", "93.5000", "93.5000"], ["0.8200", "93.3500", "93.3500"], ["0.8200", "94.3400", "94.3400"]]
reticent-iris	cpu (openblas, -t 9)	0.212	0.0075	[["0.8300", "4906.6100", "4906.6100"], ["0.8200", "4802.9500", "4802.9500"], ["0.8200", "4603.9500", "4603.9500"], ["0.8200", "4692.6100", "4692.6100"], ["0.8200", "4590.2800", "4590.2800"]]
wall	cpu (-t 1)	5.63	0.0179	[["0.6400", "176.9900", "176.9900"], ["0.6400", "177.8100", "177.8100"], ["0.6300", "177.1900", "177.1900"], ["0.6300", "178.6200", "178.6200"], ["0.6200", "177.4600", "177.4600"]]
wall	cpu (-t 2)	10.922	0.179	[["0.6400", "90.0100", "90.0100"], ["0.6500", "90.9800", "90.9800"], ["0.6600", "90.6200", "90.6200"], ["0.6500", "92.0000", "92.0000"], ["0.6600", "94.3800", "94.3800"]]
wall	cpu (-t 3)	15.444	0.3348	[["0.6600", "62.9700", "62.9700"], ["0.6600", "66.2300", "66.2300"], ["0.6400", "65.1100", "65.1100"], ["0.6700", "63.3500", "63.3500"], ["0.6600", "66.2700", "66.2700"]]
wall	cpu (-t 4)	20.066	0.4384	[["0.6600", "50.0200", "50.0200"], ["0.6500", "47.9700", "47.9700"], ["0.6500", "50.2800", "50.2800"], ["0.6600", "51.2600", "51.2600"], ["0.6700", "49.7700", "49.7700"]]
wall	cpu (-t 5)	24.718	0.6141	[["0.6700", "39.5800", "39.5800"], ["0.6700", "41.5600", "41.5600"], ["0.6600", "41.8800", "41.8800"], ["0.6600", "39.6900", "39.6900"], ["0.6700", "39.7100", "39.7100"]]
wall	cpu (-t 6)	28.144	1.3179	[["0.6700", "34.2100", "34.2100"], ["0.6800", "39.0100", "39.0100"], ["0.6800", "35.6600", "35.6600"], ["0.6700", "34.6000", "34.6000"], ["0.6800", "34.5800", "34.5800"]]
wall	cpu (-t 7)	31.332	0.6922	[["0.6900", "31.6200", "31.6200"], ["0.6800", "32.8100", "32.8100"], ["0.6700", "32.0500", "32.0500"], ["0.6800", "32.4000", "32.4000"], ["0.6800", "30.7800", "30.7800"]]
wall	cpu (-t 8)	32.858	2.6769	[["0.6700", "29.0000", "29.0000"], ["0.7000", "28.5600", "28.5600"], ["0.6700", "28.7300", "28.7300"], ["0.6700", "31.2100", "31.2100"], ["0.6800", "35.7800", "35.7800"]]
wall	cpu (-t 9)	24.146	0.1067	[["0.6500", "41.7500", "41.7500"], ["0.6600", "41.2900", "41.2900"], ["0.6600", "41.4000", "41.4000"], ["0.6700", "41.4100", "41.4100"], ["0.6600", "41.2200", "41.2200"]]
wall	cpu (-t 10)	26.366	0.1145	[["0.6600", "38.2400", "38.2400"], ["0.6500", "37.9300", "37.9300"], ["0.6600", "37.8500", "37.8500"], ["0.6600", "37.8500", "37.8500"], ["0.6600", "37.7700", "37.7700"]]
wall	cpu (-t 11)	28.618	0.0778	[["0.6500", "35.0500", "35.0500"], ["0.6500", "34.9100", "34.9100"], ["0.6500", "34.8400", "34.8400"], ["0.6500", "34.8600", "34.8600"], ["0.6500", "35.0600", "35.0600"]]
wall	cpu (-t 12)	30.568	0.0649	[["0.6600", "32.6900", "32.6900"], ["0.6400", "32.7700", "32.7700"], ["0.6500", "32.6000", "32.6000"], ["0.6500", "32.7000", "32.7000"], ["0.6500", "32.8100", "32.8100"]]
wall	cpu (-t 13)	32.328	0.2604	[["0.6600", "31.1000", "31.1000"], ["0.6500", "30.7900", "30.7900"], ["0.6500", "31.3100", "31.3100"], ["0.6600", "30.5900", "30.5900"], ["0.6600", "30.8800", "30.8800"]]
wall	cpu (-t 14)	33.558	0.9618	[["0.6600", "30.3900", "30.3900"], ["0.6500", "29.2000", "29.2000"], ["0.6600", "29.0600", "29.0600"], ["0.6600", "29.2000", "29.2000"], ["0.6600", "31.2800", "31.2800"]]
wall	cpu (-t 15)	33.568	2.0738	[["0.6700", "28.3900", "28.3900"], ["0.6600", "29.9200", "29.9200"], ["0.6500", "29.0600", "29.0600"], ["0.6600", "33.7500", "33.7500"], ["0.6700", "28.4400", "28.4400"]]
wall	cpu (-t 16)	31.796	2.0198	[["0.6600", "33.0400", "33.0400"], ["0.6600", "29.3100", "29.3100"], ["0.6600", "29.2500", "29.2500"], ["0.6700", "32.0900", "32.0900"], ["0.6600", "34.2000", "34.2000"]]
wall	cpu (-t 17)	0.222	0.0098	[["0.6600", "4504.0400", "4504.0400"], ["0.6700", "4545.1500", "4545.1500"], ["0.6700", "4829.1400", "4829.1400"], ["0.6800", "4196.4400", "4196.4400"], ["0.6700", "4477.6400", "4477.6400"]]
wall	cpu (openblas, -t 1)	5.588	0.0487	[["0.6200", "177.7900", "177.7900"], ["0.6200", "177.4700", "177.4700"], ["0.6100", "178.0200", "178.0200"], ["0.6200", "179.6000", "179.6000"], ["0.6100", "181.6700", "181.6700"]]
wall	cpu (openblas, -t 2)	10.846	0.0758	[["0.6200", "92.5600", "92.5600"], ["0.6000", "92.7400", "92.7400"], ["0.6100", "92.6600", "92.6600"], ["0.6200", "91.9300", "91.9300"], ["0.6200", "91.0600", "91.0600"]]
wall	cpu (openblas, -t 3)	15.824	0.1529	[["0.6300", "63.0700", "63.0700"], ["0.6300", "63.2200", "63.2200"], ["0.6100", "62.5300", "62.5300"], ["0.6400", "62.8600", "62.8600"], ["0.6400", "64.3600", "64.3600"]]
wall	cpu (openblas, -t 4)	20.548	0.1422	[["0.6300", "48.8000", "48.8000"], ["0.6300", "48.0300", "48.0300"], ["0.6100", "48.8400", "48.8400"], ["0.6500", "49.0000", "49.0000"], ["0.6300", "48.6900", "48.6900"]]
wall	cpu (openblas, -t 5)	24.908	0.1243	[["0.6300", "40.1800", "40.1800"], ["0.6300", "40.4500", "40.4500"], ["0.6300", "39.8200", "39.8200"], ["0.6300", "40.1800", "40.1800"], ["0.6300", "40.1200", "40.1200"]]
wall	cpu (openblas, -t 6)	28.928	0.1796	[["0.6400", "34.7300", "34.7300"], ["0.6400", "34.6100", "34.6100"], ["0.6400", "34.2600", "34.2600"], ["0.6300", "34.4000", "34.4000"], ["0.6300", "34.8400", "34.8400"]]
wall	cpu (openblas, -t 7)	32.254	0.2098	[["0.6400", "30.8200", "30.8200"], ["0.6400", "31.3000", "31.3000"], ["0.6300", "31.1800", "31.1800"], ["0.6300", "30.7900", "30.7900"], ["0.6300", "30.9400", "30.9400"]]
wall	cpu (openblas, -t 8)	35.202	0.3974	[["0.6400", "28.9000", "28.9000"], ["0.6400", "27.9600", "27.9600"], ["0.6500", "28.4300", "28.4300"], ["0.6500", "28.5600", "28.5600"], ["0.6400", "28.2000", "28.2000"]]
wall	cpu (openblas, -t 9)	24.038	0.2583	[["0.6200", "42.0500", "42.0500"], ["0.6100", "40.8000", "40.8000"], ["0.6200", "41.5300", "41.5300"], ["0.6200", "41.7100", "41.7100"], ["0.6200", "41.9500", "41.9500"]]
wall	cpu (openblas, -t 10)	26.064	0.0845	[["0.6200", "38.5500", "38.5500"], ["0.6200", "38.2300", "38.2300"], ["0.6300", "38.3200", "38.3200"], ["0.6100", "38.2700", "38.2700"], ["0.6100", "38.4800", "38.4800"]]
wall	cpu (openblas, -t 11)	28.048	0.0823	[["0.6300", "35.5100", "35.5100"], ["0.6400", "35.6400", "35.6400"], ["0.6300", "35.7800", "35.7800"], ["0.6200", "35.7600", "35.7600"], ["0.6200", "35.5800", "35.5800"]]
wall	cpu (openblas, -t 12)	30.062	0.2128	[["0.6200", "33.4900", "33.4900"], ["0.6200", "33.2700", "33.2700"], ["0.6400", "33.3000", "33.3000"], ["0.6400", "32.8300", "32.8300"], ["0.6200", "33.4500", "33.4500"]]
wall	cpu (openblas, -t 13)	31.694	0.1519	[["0.6400", "31.4000", "31.4000"], ["0.6300", "31.8300", "31.8300"], ["0.6300", "31.5200", "31.5200"], ["0.6200", "31.5900", "31.5900"], ["0.6200", "31.4400", "31.4400"]]
wall	cpu (openblas, -t 14)	33.176	0.1977	[["0.6300", "30.3100", "30.3100"], ["0.6200", "30.2200", "30.2200"], ["0.6300", "30.1300", "30.1300"], ["0.6200", "30.2500", "30.2500"], ["0.6400", "29.8100", "29.8100"]]
wall	cpu (openblas, -t 15)	32.572	0.894	[["0.6400", "31.4900", "31.4900"], ["0.6300", "29.4100", "29.4100"], ["0.6400", "30.7600", "30.7600"], ["0.6500", "31.7100", "31.7100"], ["0.6300", "30.2600", "30.2600"]]
wall	cpu (openblas, -t 16)	29.442	1.5181	[["0.6300", "34.6300", "34.6300"], ["0.6300", "32.0700", "32.0700"], ["0.6400", "32.7600", "32.7600"], ["0.6400", "37.2900", "37.2900"], ["0.6300", "33.5600", "33.5600"]]
wall	cpu (openblas, -t 17)	0.216	0.012	[["0.6400", "4716.9700", "4716.9700"], ["0.6400", "4651.7400", "4651.7400"], ["0.6500", "4196.1500", "4196.1500"], ["0.6500", "4716.6500", "4716.6500"], ["0.6400", "4805.7500", "4805.7500"]]
wall	gpu (-t 1, -ngl 0)	5.55	0.0379	[["0.6500", "177.8700", "177.8700"], ["0.6600", "180.9100", "180.9100"], ["0.6900", "179.8300", "179.8300"], ["0.6600", "181.3200", "181.3200"], ["0.6600", "181.0500", "181.0500"]]
wall	gpu (-t 6, -ngl 0)	28.784	0.3248	[["0.7000", "34.8000", "34.8000"], ["0.6800", "34.5300", "34.5300"], ["0.6900", "34.1500", "34.1500"], ["0.6900", "35.3200", "35.3200"], ["0.6800", "34.9300", "34.9300"]]
wall	gpu (-t 11, -ngl 0)	28.032	0.0882	[["0.6800", "35.5400", "35.5400"], ["0.6800", "35.8100", "35.8100"], ["0.6800", "35.8000", "35.8000"], ["0.6800", "35.6500", "35.6500"], ["0.6800", "35.5800", "35.5800"]]
wall	gpu (-t 16, -ngl 0)	30.732	1.7353	[["0.6900", "31.4100", "31.4100"], ["0.6800", "32.5600", "32.5600"], ["0.6900", "31.1500", "31.1500"], ["0.6900", "36.5100", "36.5100"], ["0.6900", "31.6300", "31.6300"]]
wall	gpu (-t 17, -ngl 0)	0.266	0.0174	[["0.6900", "3899.3600", "3899.3600"], ["0.6900", "3402.7700", "3402.7700"], ["0.6900", "4248.7500", "4248.7500"], ["0.6900", "3588.7300", "3588.7300"], ["0.7000", "3866.3500", "3866.3500"]]
wall	gpu (-t 1, -ngl 10)	7.272	0.1582	[["0.6900", "135.7700", "135.7700"], ["0.6900", "143.6500", "143.6500"], ["0.7100", "135.8200", "135.8200"], ["0.6900", "135.6800", "135.6800"], ["0.6900", "137.0300", "137.0300"]]
wall	gpu (-t 6, -ngl 10)	30.15	0.1792	[["0.7200", "33.0800", "33.0800"], ["0.7100", "33.0900", "33.0900"], ["0.7300", "32.9500", "32.9500"], ["0.7300", "33.5400", "33.5400"], ["0.7200", "33.1900", "33.1900"]]
wall	gpu (-t 11, -ngl 10)	29.862	0.0922	[["0.6700", "33.3800", "33.3800"], ["0.6800", "33.5700", "33.5700"], ["0.6700", "33.4400", "33.4400"], ["0.6700", "33.4000", "33.4000"], ["0.6700", "33.6500", "33.6500"]]
wall	gpu (-t 16, -ngl 10)	30.43	3.0153	[["0.6900", "37.1100", "37.1100"], ["0.6800", "29.5800", "29.5800"], ["0.6800", "37.2700", "37.2700"], ["0.6900", "30.0200", "30.0200"], ["0.6900", "32.0000", "32.0000"]]
wall	gpu (-t 17, -ngl 10)	0.38	0.021	[["0.6900", "2397.1500", "2397.1500"], ["0.7300", "2728.6500", "2728.6500"], ["0.7000", "2622.4500", "2622.4500"], ["0.7000", "2680.5500", "2680.5500"], ["0.6900", "2771.8500", "2771.8500"]]
wall	gpu (-t 1, -ngl 20)	11.302	0.1482	[["0.6900", "87.9500", "87.9500"], ["0.8400", "86.9700", "86.9700"], ["0.7900", "90.4500", "90.4500"], ["0.6500", "89.0200", "89.0200"], ["0.7900", "88.0800", "88.0800"]]
wall	gpu (-t 6, -ngl 20)	31.904	0.1177	[["0.6600", "31.1400", "31.1400"], ["0.6700", "31.3100", "31.3100"], ["0.6600", "31.4800", "31.4800"], ["0.6700", "31.3700", "31.3700"], ["0.6700", "31.4300", "31.4300"]]
wall	gpu (-t 11, -ngl 20)	31.644	0.1586	[["0.6900", "31.5900", "31.5900"], ["0.6700", "31.8000", "31.8000"], ["0.6700", "31.4700", "31.4700"], ["0.6700", "31.7700", "31.7700"], ["0.6700", "31.4000", "31.4000"]]
wall	gpu (-t 16, -ngl 20)	31.434	2.1163	[["0.6800", "29.0400", "29.0400"], ["0.6900", "35.2400", "35.2400"], ["0.6900", "31.9300", "31.9300"], ["0.6800", "33.2200", "33.2200"], ["0.7000", "30.3700", "30.3700"]]
wall	gpu (-t 17, -ngl 20)	0.608	0.0172	[["0.7000", "1567.3400", "1567.3400"], ["0.7100", "1626.2500", "1626.2500"], ["0.6900", "1654.5500", "1654.5500"], ["0.6900", "1709.0300", "1709.0300"], ["0.6900", "1659.9300", "1659.9300"]]
wall	gpu (-t 1, -ngl 30)	24.006	0.0459	[["0.6600", "41.7900", "41.7900"], ["0.6600", "41.7100", "41.7100"], ["0.6400", "41.6200", "41.6200"], ["0.6400", "41.6200", "41.6200"], ["0.6400", "41.5700", "41.5700"]]
wall	gpu (-t 6, -ngl 30)	33.142	0.117	[["0.8400", "30.0800", "30.0800"], ["0.8500", "30.2200", "30.2200"], ["0.8500", "30.1400", "30.1400"], ["0.8400", "30.3600", "30.3600"], ["0.8100", "30.0700", "30.0700"]]
wall	gpu (-t 11, -ngl 30)	33.392	0.0736	[["0.6500", "29.9200", "29.9200"], ["0.6600", "30.0200", "30.0200"], ["0.6600", "29.9700", "29.9700"], ["0.6600", "29.8300", "29.8300"], ["0.6600", "29.9900", "29.9900"]]
wall	gpu (-t 16, -ngl 30)	33.232	0.9867	[["0.6800", "29.5900", "29.5900"], ["0.7000", "30.1000", "30.1000"], ["0.6900", "31.9200", "31.9200"], ["0.6800", "29.4000", "29.4000"], ["0.6800", "29.5900", "29.5900"]]
wall	gpu (-t 17, -ngl 30)	4.142	0.8659	[["0.7000", "210.9500", "210.9500"], ["0.6900", "266.3200", "266.3200"], ["0.7000", "252.9100", "252.9100"], ["0.7000", "185.3500", "185.3500"], ["0.6900", "349.0000", "349.0000"]]
wall	gpu (-t 1, -ngl 33)	34.786	0.1303	[["0.9400", "28.8700", "28.8700"], ["0.9700", "28.7800", "28.7800"], ["0.9700", "28.8300", "28.8300"], ["0.9700", "28.7000", "28.7000"], ["0.9500", "28.5600", "28.5600"]]
wall	gpu (-t 6, -ngl 33)	34.918	0.1187	[["0.9800", "28.4700", "28.4700"], ["0.9700", "28.7500", "28.7500"], ["0.9800", "28.7200", "28.7200"], ["0.6900", "28.6100", "28.6100"], ["0.9300", "28.6400", "28.6400"]]
wall	gpu (-t 11, -ngl 33)	34.912	0.1918	[["0.9600", "28.7900", "28.7900"], ["0.9700", "28.4400", "28.4400"], ["0.7000", "28.4700", "28.4700"], ["0.8600", "28.8100", "28.8100"], ["0.9800", "28.7000", "28.7000"]]
wall	gpu (-t 16, -ngl 33)	34.638	0.18	[["0.9600", "29.1000", "29.1000"], ["0.9700", "28.9300", "28.9300"], ["0.9600", "28.9000", "28.9000"], ["0.9300", "28.6700", "28.6700"], ["0.7600", "28.7500", "28.7500"]]
wall	gpu (-t 17, -ngl 33)	35.166	0.3105	[["1.0400", "28.3700", "28.3700"], ["0.9600", "28.8900", "28.8900"], ["0.9800", "28.4000", "28.4000"], ["0.6500", "28.1100", "28.1100"], ["0.7400", "28.4200", "28.4200"]]
wall	gpu (cuda, -t 1, -ngl 0)	5.59	0.0228	[["0.6600", "178.7500", "178.7500"], ["0.6500", "178.9100", "178.9100"], ["0.6300", "180.1500", "180.1500"], ["0.6300", "178.4400", "178.4400"], ["0.6400", "177.9200", "177.9200"]]
wall	gpu (cuda, -t 6, -ngl 0)	29.146	0.3586	[["0.6600", "34.7700", "34.7700"], ["0.6500", "34.1200", "34.1200"], ["0.6600", "33.7500", "33.7500"], ["0.6800", "34.1000", "34.1000"], ["0.6900", "34.8400", "34.8400"]]
wall	gpu (cuda, -t 11, -ngl 0)	28.548	0.0611	[["0.6500", "34.9800", "34.9800"], ["0.6500", "35.0100", "35.0100"], ["0.6500", "35.1400", "35.1400"], ["0.6700", "34.9300", "34.9300"], ["0.6500", "35.0900", "35.0900"]]
wall	gpu (cuda, -t 16, -ngl 0)	33.468	1.8355	[["0.6600", "28.6700", "28.6700"], ["0.6700", "30.5100", "30.5100"], ["0.6600", "28.9500", "28.9500"], ["0.6700", "33.1600", "33.1600"], ["0.6600", "28.5900", "28.5900"]]
wall	gpu (cuda, -t 17, -ngl 0)	0.224	0.008	[["0.6600", "4276.9500", "4276.9500"], ["0.6600", "4401.7500", "4401.7500"], ["0.6800", "4441.9500", "4441.9500"], ["0.6600", "4620.4400", "4620.4400"], ["0.6600", "4689.6500", "4689.6500"]]
wall	gpu (cuda, -t 1, -ngl 10)	7.716	0.1038	[["0.6400", "132.2800", "132.2800"], ["0.6300", "130.3800", "130.3800"], ["0.6200", "127.4300", "127.4300"], ["0.6400", "130.0000", "130.0000"], ["0.6300", "128.1000", "128.1000"]]
wall	gpu (cuda, -t 6, -ngl 10)	37.194	0.211	[["0.6500", "26.7900", "26.7900"], ["0.6400", "26.9300", "26.9300"], ["0.6400", "26.6500", "26.6500"], ["0.6400", "27.0900", "27.0900"], ["0.6400", "26.9700", "26.9700"]]
wall	gpu (cuda, -t 11, -ngl 10)	35.316	0.1509	[["0.6500", "28.1000", "28.1000"], ["0.6500", "28.4300", "28.4300"], ["0.6500", "28.2800", "28.2800"], ["0.6600", "28.4000", "28.4000"], ["0.6500", "28.3700", "28.3700"]]
wall	gpu (cuda, -t 16, -ngl 10)	39.036	2.7854	[["0.6900", "25.8300", "25.8300"], ["0.6700", "24.3400", "24.3400"], ["0.6500", "26.2700", "26.2700"], ["0.6600", "28.9200", "28.9200"], ["0.6500", "23.4000", "23.4000"]]
wall	gpu (cuda, -t 17, -ngl 10)	0.326	0.008	[["0.6500", "3063.7500", "3063.7500"], ["0.6700", "3005.9200", "3005.9200"], ["0.6600", "2995.7500", "2995.7500"], ["0.6500", "2997.8500", "2997.8500"], ["0.6900", "3179.7200", "3179.7200"]]
wall	gpu (cuda, -t 1, -ngl 20)	13.28	0.1343	[["0.6200", "75.4800", "75.4800"], ["0.6300", "75.0200", "75.0200"], ["0.6200", "74.9900", "74.9900"], ["0.6200", "74.3800", "74.3800"], ["0.6400", "76.6900", "76.6900"]]
wall	gpu (cuda, -t 6, -ngl 20)	53.722	0.3947	[["0.6400", "18.4000", "18.4000"], ["0.6400", "18.5900", "18.5900"], ["0.6700", "18.6400", "18.6400"], ["0.6700", "18.6200", "18.6200"], ["0.6400", "18.8300", "18.8300"]]
wall	gpu (cuda, -t 11, -ngl 20)	51.596	0.1074	[["0.6500", "19.4300", "19.4300"], ["0.6500", "19.3200", "19.3200"], ["0.6500", "19.3500", "19.3500"], ["0.6500", "19.4000", "19.4000"], ["0.6500", "19.4100", "19.4100"]]
wall	gpu (cuda, -t 16, -ngl 20)	53.796	2.631	[["0.6700", "19.7500", "19.7500"], ["0.6700", "17.5900", "17.5900"], ["0.6600", "17.5400", "17.5400"], ["0.6600", "19.2300", "19.2300"], ["0.6500", "19.0500", "19.0500"]]
wall	gpu (cuda, -t 17, -ngl 20)	0.602	0.0376	[["0.6700", "1697.4500", "1697.4500"], ["0.6700", "1742.1500", "1742.1500"], ["0.6600", "1582.3500", "1582.3500"], ["0.6500", "1774.5400", "1774.5400"], ["0.6600", "1526.0500", "1526.0500"]]
wall	gpu (cuda, -t 1, -ngl 30)	46.922	0.2293	[["0.6200", "21.4800", "21.4800"], ["0.6200", "21.3400", "21.3400"], ["0.6300", "21.3200", "21.3200"], ["0.6200", "21.1700", "21.1700"], ["0.6200", "21.2500", "21.2500"]]
wall	gpu (cuda, -t 6, -ngl 30)	95.98	0.9258	[["0.6400", "10.3900", "10.3900"], ["0.6200", "10.4300", "10.4300"], ["0.6200", "10.3900", "10.3900"], ["0.6300", "10.2900", "10.2900"], ["0.6400", "10.6000", "10.6000"]]
wall	gpu (cuda, -t 11, -ngl 30)	93.122	1.0301	[["0.6400", "10.7300", "10.7300"], ["0.6300", "10.8900", "10.8900"], ["0.6300", "10.8600", "10.8600"], ["0.6300", "10.6100", "10.6100"], ["0.6400", "10.6100", "10.6100"]]
wall	gpu (cuda, -t 16, -ngl 30)	89.596	6.0236	[["0.6800", "10.4500", "10.4500"], ["0.6600", "10.9400", "10.9400"], ["0.6500", "12.8000", "12.8000"], ["0.6600", "10.8000", "10.8000"], ["0.6700", "11.0900", "11.0900"]]
wall	gpu (cuda, -t 17, -ngl 30)	3.498	0.3616	[["0.6600", "280.7500", "280.7500"], ["0.6600", "300.5400", "300.5400"], ["0.6600", "299.8500", "299.8500"], ["0.6500", "240.3500", "240.3500"], ["0.6800", "322.7500", "322.7500"]]
wall	gpu (cuda, -t 1, -ngl 33)	131.688	0.8728	[["0.6100", "7.5000", "7.5000"], ["0.6100", "7.6100", "7.6100"], ["0.6100", "7.5900", "7.5900"], ["0.6100", "7.6400", "7.6400"], ["0.6100", "7.6300", "7.6300"]]
wall	gpu (cuda, -t 6, -ngl 33)	132.316	0.8587	[["0.6200", "7.5200", "7.5200"], ["0.6100", "7.6000", "7.6000"], ["0.6000", "7.6300", "7.6300"], ["0.6000", "7.5000", "7.5000"], ["0.6100", "7.5400", "7.5400"]]
wall	gpu (cuda, -t 11, -ngl 33)	131.616	0.429	[["0.6100", "7.5700", "7.5700"], ["0.6200", "7.6400", "7.6400"], ["0.6100", "7.6100", "7.6100"], ["0.6200", "7.5800", "7.5800"], ["0.6200", "7.5900", "7.5900"]]
wall	gpu (cuda, -t 16, -ngl 33)	131.69	0.9256	[["0.6100", "7.7000", "7.7000"], ["0.6100", "7.5500", "7.5500"], ["0.6200", "7.5700", "7.5700"], ["0.6200", "7.5700", "7.5700"], ["0.6200", "7.5800", "7.5800"]]
wall	gpu (cuda, -t 17, -ngl 33)	131.592	1.3218	[["0.6200", "7.5700", "7.5700"], ["0.6100", "7.4800", "7.4800"], ["0.6100", "7.6600", "7.6600"], ["0.6100", "7.5900", "7.5900"], ["0.6000", "7.7000", "7.7000"]]
fusion	cpu (-t 1)	2.636	0.1397	[["0.8400", "379.7100", "379.7100"], ["0.8500", "371.3500", "371.3500"], ["0.8600", "421.7500", "421.7500"], ["0.8800", "365.3100", "365.3100"], ["0.8500", "363.3900", "363.3900"]]
fusion	cpu (-t 2)	4.8	0.3145	[["0.9000", "196.2700", "196.2700"], ["0.9100", "226.0500", "226.0500"], ["0.9100", "196.0300", "196.0300"], ["0.8900", "201.5600", "201.5600"], ["0.9000", "226.0500", "226.0500"]]
fusion	cpu (-t 3)	6.306	0.3053	[["0.9100", "165.6600", "165.6600"], ["0.9100", "164.1600", "164.1600"], ["0.9200", "145.1300", "145.1300"], ["0.9200", "160.8600", "160.8600"], ["0.9100", "158.8800", "158.8800"]]
fusion	cpu (-t 4)	7.12	0.6738	[["0.9400", "128.7300", "128.7300"], ["0.8800", "131.1800", "131.1800"], ["1.1500", "132.1100", "132.1100"], ["0.8400", "164.6000", "164.6000"], ["0.8600", "152.3500", "152.3500"]]
fusion	cpu (-t 5)	7.264	0.3359	[["0.9200", "151.0700", "151.0700"], ["0.8200", "133.7600", "133.7600"], ["0.8300", "133.4600", "133.4600"], ["0.8300", "138.0800", "138.0800"], ["0.8700", "133.5100", "133.5100"]]
fusion	cpu (-t 6)	7.232	0.898	[["0.8500", "151.8400", "151.8400"], ["0.9500", "162.0800", "162.0800"], ["0.8900", "147.0400", "147.0400"], ["0.9200", "122.1300", "122.1300"], ["0.8600", "118.8400", "118.8400"]]
fusion	cpu (-t 7)	5.888	0.8171	[["0.9400", "159.1400", "159.1400"], ["0.9900", "152.2700", "152.2700"], ["0.9500", "218.7000", "218.7000"], ["0.9300", "149.3100", "149.3100"], ["1.0000", "187.8900", "187.8900"]]
fusion	cpu (-t 8)	3.6	3.7805	[["0.9300", "2187.2300", "2187.2300"], ["0.9300", "1785.4800", "1785.4800"], ["0.8100", "121.6200", "121.6200"], ["0.8400", "121.4300", "121.4300"], ["0.9100", "1907.1000", "1907.1000"]]
fusion	cpu (openblas, -t 1)	2.64	0.074	[["0.8700", "389.9300", "389.9300"], ["0.8600", "365.7700", "365.7700"], ["0.8800", "367.2700", "367.2700"], ["0.8400", "380.6600", "380.6600"], ["0.8800", "390.3800", "390.3800"]]
fusion	cpu (openblas, -t 2)	4.904	0.2436	[["0.9000", "214.1800", "214.1800"], ["0.8800", "219.7000", "219.7000"], ["0.9100", "196.7000", "196.7000"], ["0.9000", "194.8700", "194.8700"], ["0.8800", "196.5500", "196.5500"]]
fusion	cpu (openblas, -t 3)	6.202	0.2089	[["0.9000", "157.5200", "157.5200"], ["0.8800", "155.4000", "155.4000"], ["0.8900", "160.8000", "160.8000"], ["0.8700", "162.1900", "162.1900"], ["0.9100", "171.4200", "171.4200"]]
fusion	cpu (openblas, -t 4)	6.17	0.2055	[["0.8400", "165.5600", "165.5600"], ["0.9300", "152.0500", "152.0500"], ["1.0600", "164.8100", "164.8100"], ["0.8700", "164.5400", "164.5400"], ["0.8300", "164.5500", "164.5500"]]
fusion	cpu (openblas, -t 5)	7.382	0.1182	[["0.9100", "133.8700", "133.8700"], ["0.9700", "139.6700", "139.6700"], ["0.8500", "134.1600", "134.1600"], ["0.8100", "133.8300", "133.8300"], ["0.8200", "135.8800", "135.8800"]]
fusion	cpu (openblas, -t 6)	7.566	0.6895	[["0.8800", "132.2100", "132.2100"], ["0.8500", "124.2900", "124.2900"], ["0.8600", "117.6000", "117.6000"], ["0.8800", "154.1800", "154.1800"], ["0.8800", "138.3300", "138.3300"]]
fusion	cpu (openblas, -t 7)	5.976	0.7129	[["1.0000", "204.6600", "204.6600"], ["0.8800", "153.0700", "153.0700"], ["0.9600", "181.6800", "181.6800"], ["0.9300", "164.5800", "164.5800"], ["0.8800", "145.2600", "145.2600"]]
fusion	cpu (openblas, -t 8)	1.394	1.1267	[["0.9100", "1041.9100", "1041.9100"], ["0.9000", "1446.5700", "1446.5700"], ["0.9000", "976.8300", "976.8300"], ["0.9000", "1501.7100", "1501.7100"], ["0.8900", "275.2000", "275.2000"]]
steamdeck	cpu (-t 1)	3.642	0.1416	[["1.0400", "275.4700", "275.4700"], ["1.0000", "274.0900", "274.0900"], ["1.1100", "271.1800", "271.1800"], ["0.9700", "294.1800", "294.1800"], ["0.8900", "260.4900", "260.4900"]]
steamdeck	cpu (-t 2)	7.386	0.1288	[["0.8800", "132.0200", "132.0200"], ["0.8900", "137.7600", "137.7600"], ["0.9000", "137.4900", "137.4900"], ["0.8800", "136.5900", "136.5900"], ["0.8800", "133.1000", "133.1000"]]
steamdeck	cpu (-t 3)	10.138	0.1141	[["0.9000", "97.4700", "97.4700"], ["0.8900", "97.5500", "97.5500"], ["0.9000", "99.6800", "99.6800"], ["0.9100", "98.3000", "98.3000"], ["1.0000", "100.2300", "100.2300"]]
steamdeck	cpu (-t 4)	11.946	0.32	[["0.9200", "88.1300", "88.1300"], ["0.9200", "82.8900", "82.8900"], ["0.9300", "82.3700", "82.3700"], ["0.9200", "83.9900", "83.9900"], ["0.9300", "81.5300", "81.5300"]]
steamdeck	cpu (-t 5)	9.25	0.046	[["0.9200", "107.8200", "107.8200"], ["0.9300", "107.6600", "107.6600"], ["0.9200", "107.9400", "107.9400"], ["0.9100", "107.8200", "107.8200"], ["0.9200", "109.1700", "109.1700"]]
steamdeck	cpu (-t 6)	10.498	0.0997	[["0.9300", "94.7000", "94.7000"], ["0.9500", "94.9400", "94.9400"], ["0.9400", "94.9200", "94.9200"], ["0.9300", "94.6900", "94.6900"], ["0.9200", "97.0600", "97.0600"]]
steamdeck	cpu (-t 7)	10.976	0.3583	[["0.9400", "88.7300", "88.7300"], ["0.9500", "86.8500", "86.8500"], ["0.9400", "93.1500", "93.1500"], ["0.9700", "94.9200", "94.9200"], ["0.9700", "92.4400", "92.4400"]]
steamdeck	cpu (-t 8)	10.892	0.2282	[["0.9500", "93.2200", "93.2200"], ["0.9300", "92.4200", "92.4200"], ["0.9700", "93.4200", "93.4200"], ["0.9400", "88.2700", "88.2700"], ["0.9400", "91.8900", "91.8900"]]
steamdeck	cpu (openblas, -t 1)	3.816	0.0422	[["0.8500", "259.3400", "259.3400"], ["0.8600", "261.8700", "261.8700"], ["0.8500", "267.5600", "267.5600"], ["0.8700", "262.3000", "262.3000"], ["0.8600", "259.5700", "259.5700"]]
steamdeck	cpu (openblas, -t 2)	7.526	0.0504	[["0.8600", "133.0100", "133.0100"], ["0.8500", "132.9100", "132.9100"], ["0.8600", "132.3400", "132.3400"], ["0.8500", "131.7000", "131.7000"], ["0.8700", "134.4500", "134.4500"]]
steamdeck	cpu (openblas, -t 3)	10.07	0.1431	[["0.8600", "99.1100", "99.1100"], ["0.8600", "97.5400", "97.5400"], ["0.8700", "101.9000", "101.9000"], ["0.8800", "99.0700", "99.0700"], ["0.8600", "98.9100", "98.9100"]]
steamdeck	cpu (openblas, -t 4)	12.12	0.078	[["0.8900", "82.5700", "82.5700"], ["0.8800", "82.7300", "82.7300"], ["0.8700", "82.3800", "82.3800"], ["0.9100", "83.2900", "83.2900"], ["0.9000", "81.6600", "81.6600"]]
steamdeck	cpu (openblas, -t 5)	9.278	0.0453	[["0.8800", "108.3200", "108.3200"], ["0.8700", "107.2500", "107.2500"], ["0.8800", "107.9000", "107.9000"], ["0.8800", "107.0100", "107.0100"], ["0.8900", "108.3900", "108.3900"]]
steamdeck	cpu (openblas, -t 6)	10.62	0.0434	[["0.9100", "94.5400", "94.5400"], ["0.9000", "94.0400", "94.0400"], ["0.8800", "93.8300", "93.8300"], ["0.8900", "93.7500", "93.7500"], ["0.9000", "94.7200", "94.7200"]]
steamdeck	cpu (openblas, -t 7)	10.87	1.015	[["0.9200", "88.1000", "88.1000"], ["0.9000", "112.9500", "112.9500"], ["0.9300", "87.6000", "87.6000"], ["0.9500", "86.8200", "86.8200"], ["0.9100", "89.1800", "89.1800"]]
steamdeck	cpu (openblas, -t 8)	10.346	1.8268	[["0.9100", "148.6100", "148.6100"], ["0.9100", "89.6900", "89.6900"], ["0.9000", "91.9000", "91.9000"], ["0.9100", "88.6300", "88.6300"], ["0.9200", "85.5300", "85.5300"]]
elpis	cpu (-t 1)	4.484	0.0372	[["0.7800", "219.6600", "219.6600"], ["0.8100", "223.1900", "223.1900"], ["0.8300", "224.4200", "224.4200"], ["0.8300", "222.8600", "222.8600"], ["0.8400", "225.4700", "225.4700"]]
elpis	cpu (-t 2)	8.16	0.2489	[["0.8900", "129.8800", "129.8800"], ["0.8300", "120.0600", "120.0600"], ["0.8400", "122.0000", "122.0000"], ["0.8000", "118.7400", "118.7400"], ["0.8400", "122.7700", "122.7700"]]
elpis	cpu (-t 3)	11.85	0.4151	[["0.8600", "82.4200", "82.4200"], ["0.8300", "81.3800", "81.3800"], ["0.8800", "82.5400", "82.5400"], ["0.8500", "88.9400", "88.9400"], ["0.8100", "87.2100", "87.2100"]]
elpis	cpu (-t 4)	14.162	1.6484	[["0.8300", "63.0200", "63.0200"], ["0.8300", "68.7600", "68.7600"], ["0.8200", "68.5200", "68.5200"], ["0.8100", "67.5800", "67.5800"], ["0.8900", "90.8500", "90.8500"]]
elpis	cpu (-t 5)	16.758	1.9242	[["0.9200", "74.2700", "74.2700"], ["0.8400", "55.3300", "55.3300"], ["0.8400", "54.8100", "54.8100"], ["0.8500", "54.5100", "54.5100"], ["0.8500", "63.8000", "63.8000"]]
elpis	cpu (-t 6)	16.584	2.9223	[["0.8600", "72.2300", "72.2300"], ["0.8400", "49.9400", "49.9400"], ["0.9500", "66.7100", "66.7100"], ["0.8900", "72.2700", "72.2700"], ["0.9600", "49.4200", "49.4200"]]
elpis	cpu (-t 7)	15.406	0.7612	[["0.9300", "63.1000", "63.1000"], ["0.9400", "63.3000", "63.3000"], ["0.9200", "64.7600", "64.7600"], ["0.9100", "71.8100", "71.8100"], ["0.8400", "62.4500", "62.4500"]]
elpis	cpu (-t 8)	16.126	1.4694	[["0.8400", "56.1500", "56.1500"], ["1.0000", "74.2500", "74.2500"], ["0.9600", "59.1300", "59.1300"], ["1.1100", "63.0900", "63.0900"], ["0.9400", "60.2700", "60.2700"]]
elpis	cpu (-t 9)	17.252	2.1355	[["0.9400", "58.2900", "58.2900"], ["0.8900", "52.2200", "52.2200"], ["0.9100", "55.7000", "55.7000"], ["0.9000", "53.2300", "53.2300"], ["0.9400", "75.7000", "75.7000"]]
elpis	cpu (-t 10)	18.82	1.2586	[["0.8800", "54.4400", "54.4400"], ["0.8700", "60.4500", "60.4500"], ["0.8400", "50.9400", "50.9400"], ["0.8400", "50.2900", "50.2900"], ["0.8400", "50.8200", "50.8200"]]
elpis	cpu (-t 11)	16.702	2.1042	[["0.8400", "62.8300", "62.8300"], ["0.8100", "75.3800", "75.3800"], ["0.8200", "58.1000", "58.1000"], ["0.8200", "57.4400", "57.4400"], ["0.8700", "50.7600", "50.7600"]]
elpis	cpu (-t 12)	10.028	5.0389	[["0.8300", "90.7800", "90.7800"], ["0.7900", "62.9100", "62.9100"], ["0.7900", "67.5400", "67.5400"], ["0.7900", "206.5500", "206.5500"], ["0.8000", "280.3100", "280.3100"]]
elpis	cpu (openblas, -t 1)	4.514	0.012	[["0.7300", "221.3200", "221.3200"], ["0.7400", "221.0900", "221.0900"], ["0.7400", "222.2100", "222.2100"], ["0.7600", "222.1200", "222.1200"], ["0.7400", "220.8200", "220.8200"]]
elpis	cpu (openblas, -t 2)	8.526	0.1758	[["0.7500", "116.9300", "116.9300"], ["0.7700", "113.8300", "113.8300"], ["0.7700", "120.4700", "120.4700"], ["0.7800", "119.5400", "119.5400"], ["0.7900", "115.9900", "115.9900"]]
elpis	cpu (openblas, -t 3)	11.69	0.2253	[["0.7700", "83.7900", "83.7900"], ["0.7700", "85.7600", "85.7600"], ["0.7800", "83.8500", "83.8500"], ["0.7800", "88.3000", "88.3000"], ["0.7800", "86.1900", "86.1900"]]
elpis	cpu (openblas, -t 4)	14.722	0.6642	[["0.8000", "64.1400", "64.1400"], ["0.8200", "73.4200", "73.4200"], ["0.8300", "69.3600", "69.3600"], ["0.7800", "66.5200", "66.5200"], ["0.7800", "66.8800", "66.8800"]]
elpis	cpu (openblas, -t 5)	16.394	1.1346	[["0.8100", "57.6600", "57.6600"], ["0.8100", "57.1200", "57.1200"], ["0.7900", "58.8100", "58.8100"], ["0.8100", "64.5500", "64.5500"], ["0.8100", "68.3400", "68.3400"]]
elpis	cpu (openblas, -t 6)	16.36	1.5258	[["0.8200", "52.7100", "52.7100"], ["0.8600", "63.1900", "63.1900"], ["0.8100", "59.6600", "59.6600"], ["0.8000", "62.7800", "62.7800"], ["0.8400", "69.8700", "69.8700"]]
elpis	cpu (openblas, -t 7)	15.788	0.0453	[["0.8000", "63.4500", "63.4500"], ["0.8300", "63.3500", "63.3500"], ["0.8100", "63.2000", "63.2000"], ["0.8200", "63.6100", "63.6100"], ["0.8000", "63.1100", "63.1100"]]
elpis	cpu (openblas, -t 8)	16.964	0.6016	[["0.8500", "60.2100", "60.2100"], ["0.8500", "57.4000", "57.4000"], ["0.8300", "57.5000", "57.5000"], ["0.8500", "62.7200", "62.7200"], ["0.8400", "57.2600", "57.2600"]]
elpis	cpu (openblas, -t 9)	17.938	0.9238	[["0.8400", "53.2700", "53.2700"], ["0.8300", "59.2400", "59.2400"], ["0.8300", "59.5000", "59.5000"], ["0.8200", "52.7000", "52.7000"], ["0.8500", "54.7800", "54.7800"]]
elpis	cpu (openblas, -t 10)	16.774	3.3528	[["0.8300", "52.9200", "52.9200"], ["0.8200", "53.4800", "53.4800"], ["0.8200", "50.7600", "50.7600"], ["0.8000", "94.9000", "94.9000"], ["0.8300", "62.4000", "62.4000"]]
elpis	cpu (openblas, -t 11)	15.894	1.8979	[["0.7800", "77.5900", "77.5900"], ["0.7900", "67.8700", "67.8700"], ["0.8000", "54.4800", "54.4800"], ["0.8000", "58.9400", "58.9400"], ["0.8100", "60.5500", "60.5500"]]
elpis	cpu (openblas, -t 12)	10.638	4.426	[["0.7600", "81.6100", "81.6100"], ["0.7500", "64.0700", "64.0700"], ["0.7600", "206.1200", "206.1200"], ["0.7600", "68.8200", "68.8200"], ["0.7600", "168.1900", "168.1900"]]
sidekick	cpu (-t 1)	1.64	0.0126	[["0.9600", "605.6700", "605.6700"], ["0.9600", "617.2500", "617.2500"], ["0.9600", "604.8700", "604.8700"], ["0.9600", "607.1900", "607.1900"], ["0.9600", "614.4600", "614.4600"]]
sidekick	cpu (-t 2)	3.142	0.0075	[["0.9600", "318.4800", "318.4800"], ["0.9700", "319.2300", "319.2300"], ["0.9700", "317.7900", "317.7900"], ["0.9600", "318.9100", "318.9100"], ["0.9700", "317.5500", "317.5500"]]
sidekick	cpu (-t 3)	4.638	0.0117	[["0.9700", "216.0600", "216.0600"], ["0.9700", "215.5000", "215.5000"], ["0.9700", "215.0600", "215.0600"], ["0.9700", "215.0500", "215.0500"], ["0.9700", "216.4700", "216.4700"]]
sidekick	cpu (-t 4)	5.962	0.0117	[["0.9600", "167.8000", "167.8000"], ["0.9700", "167.2500", "167.2500"], ["0.9700", "168.1500", "168.1500"], ["0.9700", "167.3700", "167.3700"], ["0.9700", "168.0900", "168.0900"]]
sidekick	cpu (-t 5)	0.166	0.0049	[["0.9500", "5916.9400", "5916.9400"], ["0.9500", "5902.6000", "5902.6000"], ["0.9500", "6289.2700", "6289.2700"], ["0.9500", "6303.6100", "6303.6100"], ["0.9500", "5720.2800", "5720.2800"]]
sidekick	cpu (openblas, -t 1)	1.632	0.0117	[["0.9600", "617.3100", "617.3100"], ["0.9600", "608.0200", "608.0200"], ["0.9600", "613.0700", "613.0700"], ["0.9600", "605.4700", "605.4700"], ["0.9500", "617.0000", "617.0000"]]
sidekick	cpu (openblas, -t 2)	3.124	0.0224	[["0.9600", "318.0400", "318.0400"], ["0.9600", "319.6000", "319.6000"], ["0.9700", "317.9800", "317.9800"], ["0.9600", "325.2000", "325.2000"], ["0.9600", "319.1000", "319.1000"]]
sidekick	cpu (openblas, -t 3)	4.652	0.0147	[["0.9600", "215.5200", "215.5200"], ["0.9600", "215.0800", "215.0800"], ["0.9600", "213.6300", "213.6300"], ["0.9600", "215.6200", "215.6200"], ["0.9600", "215.2700", "215.2700"]]
sidekick	cpu (openblas, -t 4)	5.968	0.0293	[["0.9600", "166.4400", "166.4400"], ["0.9700", "168.5900", "168.5900"], ["0.9600", "167.2600", "167.2600"], ["0.9700", "167.1900", "167.1900"], ["0.9700", "168.3500", "168.3500"]]
sidekick	cpu (openblas, -t 5)	0.156	0.015	[["0.9500", "7748.2700", "7748.2700"], ["0.9400", "6641.9400", "6641.9400"], ["0.9600", "6047.6000", "6047.6000"], ["0.9500", "6300.9200", "6300.9200"], ["0.9400", "6043.2700", "6043.2700"]]
apparition	cpu (-t 1)	0.124	0.008	[["2.1000", "8525.7200", "8525.7200"], ["1.8600", "7311.2700", "7311.2700"], ["2.1400", "8528.3200", "8528.3200"], ["2.1500", "8535.6000", "8535.6000"], ["2.1300", "8532.3100", "8532.3100"]]
apparition	cpu (-t 2)	0.246	0.0196	[["2.1300", "4275.5100", "4275.5100"], ["2.1400", "4271.2900", "4271.2900"], ["1.8800", "3663.4800", "3663.4800"], ["2.1300", "4275.4000", "4275.4000"], ["1.8900", "3662.4100", "3662.4100"]]
apparition	cpu (-t 3)	0.35	0.0	[["2.1400", "2853.4900", "2853.4900"], ["1.8800", "2852.6200", "2852.6200"], ["2.1300", "2852.3000", "2852.3000"], ["1.8700", "2849.6300", "2849.6300"], ["2.1500", "2852.8300", "2852.8300"]]
apparition	cpu (-t 4)	0.47	0.0	[["1.9500", "2142.5500", "2142.5500"], ["1.9800", "2143.3500", "2143.3500"], ["1.9200", "2143.0800", "2143.0800"], ["2.1200", "2144.3600", "2144.3600"], ["1.8800", "2142.1500", "2142.1500"]]
apparition	cpu (-t 5)	0.58	0.0	[["2.1500", "1717.3500", "1717.3500"], ["1.8800", "1716.8400", "1716.8400"], ["2.1500", "1717.4100", "1717.4100"], ["2.1600", "1717.9100", "1717.9100"], ["2.1300", "1717.9800", "1717.9800"]]
apparition	cpu (-t 6)	0.7	0.0	[["2.1600", "1433.6100", "1433.6100"], ["1.8900", "1433.3200", "1433.3200"], ["2.1400", "1434.8100", "1434.8100"], ["2.1400", "1433.8100", "1433.8100"], ["1.8700", "1433.8500", "1433.8500"]]
apparition	cpu (-t 7)	0.81	0.0	[["2.1800", "1232.5400", "1232.5400"], ["2.1500", "1231.7500", "1231.7500"], ["2.1300", "1232.6400", "1232.6400"], ["2.1300", "1231.8500", "1231.8500"], ["1.8900", "1231.0000", "1231.0000"]]
apparition	cpu (-t 8)	0.92	0.0	[["2.1200", "1086.4500", "1086.4500"], ["1.9100", "1087.1000", "1087.1000"], ["1.9000", "1085.4900", "1085.4900"], ["2.1300", "1087.4800", "1087.4800"], ["2.1600", "1085.3700", "1085.3700"]]
apparition	cpu (-t 9)	0.152	0.004	[["2.0200", "6388.5500", "6388.5500"], ["2.0100", "6566.8800", "6566.8800"], ["1.9000", "6749.2300", "6749.2300"], ["1.9500", "6602.2200", "6602.2200"], ["1.9900", "6713.5500", "6713.5500"]]
apparition	cpu (openblas, -t 1)	0.132	0.0098	[["1.8600", "7308.6300", "7308.6300"], ["2.1000", "8533.3900", "8533.3900"], ["1.8600", "7312.1800", "7312.1800"], ["2.1100", "8532.5800", "8532.5800"], ["1.8600", "7311.7400", "7311.7400"]]
apparition	cpu (openblas, -t 2)	0.238	0.016	[["2.1300", "4269.2200", "4269.2200"], ["1.8600", "4272.0300", "4272.0300"], ["2.1300", "4268.2600", "4268.2600"], ["1.8600", "4272.9000", "4272.9000"], ["1.8700", "3662.9600", "3662.9600"]]
apparition	cpu (openblas, -t 3)	0.35	0.0	[["1.9200", "2853.3000", "2853.3000"], ["2.1200", "2854.3100", "2854.3100"], ["1.8700", "2849.7300", "2849.7300"], ["1.8600", "2852.4700", "2852.4700"], ["1.8600", "2848.9200", "2848.9200"]]
apparition	cpu (openblas, -t 4)	0.47	0.0	[["1.8600", "2141.9500", "2141.9500"], ["1.8700", "2141.7200", "2141.7200"], ["1.8800", "2142.3100", "2142.3100"], ["1.8500", "2142.2500", "2142.2500"], ["1.8700", "2142.2000", "2142.2000"]]
apparition	cpu (openblas, -t 5)	0.58	0.0	[["1.8800", "1717.2600", "1717.2600"], ["1.8700", "1717.5700", "1717.5700"], ["1.8700", "1716.8900", "1716.8900"], ["2.1000", "1717.6400", "1717.6400"], ["2.1000", "1717.9600", "1717.9600"]]
apparition	cpu (openblas, -t 6)	0.7	0.0	[["1.9600", "1433.4000", "1433.4000"], ["1.8600", "1433.2700", "1433.2700"], ["2.1200", "1434.1000", "1434.1000"], ["1.8500", "1433.2400", "1433.2400"], ["2.1200", "1435.0400", "1435.0400"]]
apparition	cpu (openblas, -t 7)	0.81	0.0	[["1.8700", "1232.6900", "1232.6900"], ["2.1200", "1232.1600", "1232.1600"], ["2.1200", "1232.8700", "1232.8700"], ["2.1200", "1232.1500", "1232.1500"], ["2.1200", "1232.5700", "1232.5700"]]
apparition	cpu (openblas, -t 8)	0.918	0.004	[["1.8600", "1087.4500", "1087.4500"], ["2.0900", "1084.9300", "1084.9300"], ["1.8700", "1097.8400", "1097.8400"], ["2.1200", "1088.2500", "1088.2500"], ["2.1200", "1089.5500", "1089.5500"]]
apparition	cpu (openblas, -t 9)	0.158	0.004	[["1.9500", "6157.8900", "6157.8900"], ["2.0200", "6429.2300", "6429.2300"], ["2.0600", "6440.2200", "6440.2200"], ["2.0100", "6419.5500", "6419.5500"], ["2.0200", "6624.2300", "6624.2300"]]
obstinate-serenity-v2	cpu (-t 1)	2.478	0.0117	[["0.8500", "402.9700", "402.9700"], ["0.8500", "405.9800", "405.9800"], ["0.8500", "401.9000", "401.9000"], ["0.8600", "405.3000", "405.3000"], ["0.8500", "401.2300", "401.2300"]]
obstinate-serenity-v2	cpu (-t 2)	4.85	0.011	[["0.8600", "206.6000", "206.6000"], ["0.8500", "206.2500", "206.2500"], ["0.8600", "205.5200", "205.5200"], ["0.8500", "206.0600", "206.0600"], ["0.8700", "206.7200", "206.7200"]]
obstinate-serenity-v2	cpu (-t 3)	3.96	0.011	[["0.8500", "252.3600", "252.3600"], ["0.8500", "251.0100", "251.0100"], ["0.8500", "253.1200", "253.1200"], ["0.8600", "252.8000", "252.8000"], ["0.8600", "253.2900", "253.2900"]]
obstinate-serenity-v2	cpu (-t 4)	5.228	0.0117	[["0.8500", "190.6800", "190.6800"], ["0.8700", "191.5900", "191.5900"], ["0.8700", "191.0200", "191.0200"], ["0.8500", "191.8300", "191.8300"], ["0.8600", "191.3500", "191.3500"]]
obstinate-serenity-v2	cpu (-t 5)	0.208	0.004	[["0.8600", "4723.9400", "4723.9400"], ["0.8400", "4846.2800", "4846.2800"], ["0.8600", "4812.6100", "4812.6100"], ["0.8500", "4710.6100", "4710.6100"], ["0.8400", "5088.9300", "5088.9300"]]
obstinate-serenity-v2	cpu (openblas, -t 1)	2.454	0.0476	[["0.8500", "402.2300", "402.2300"], ["0.8500", "405.1100", "405.1100"], ["0.8600", "404.4100", "404.4100"], ["0.8600", "402.6100", "402.6100"], ["0.8600", "423.7300", "423.7300"]]
obstinate-serenity-v2	cpu (openblas, -t 2)	4.83	0.0167	[["0.8600", "206.3800", "206.3800"], ["0.8600", "207.8200", "207.8200"], ["0.8600", "206.6600", "206.6600"], ["0.8500", "207.8800", "207.8800"], ["0.8500", "206.5300", "206.5300"]]
obstinate-serenity-v2	cpu (openblas, -t 3)	3.966	0.0136	[["0.8500", "253.6300", "253.6300"], ["0.8600", "251.3600", "251.3600"], ["0.8700", "251.8000", "251.8000"], ["0.8500", "251.6400", "251.6400"], ["0.8700", "251.6800", "251.6800"]]
obstinate-serenity-v2	cpu (openblas, -t 4)	5.234	0.008	[["0.8600", "191.6900", "191.6900"], ["0.8600", "191.1600", "191.1600"], ["0.8500", "190.8800", "190.8800"], ["0.8500", "190.8500", "190.8500"], ["0.8500", "191.0000", "191.0000"]]
obstinate-serenity-v2	cpu (openblas, -t 5)	0.212	0.0075	[["0.8400", "4965.2700", "4965.2700"], ["0.8300", "4771.9400", "4771.9400"], ["0.8400", "4748.2700", "4748.2700"], ["0.8400", "4565.6100", "4565.6100"], ["0.8500", "4622.6000", "4622.6000"]]
DESKTOP-T0IEVSO-v2	cpu (-t 1)	4.066	0.0287	[["0.9600", "244.9700", "244.9700"], ["0.9700", "245.4000", "245.4000"], ["0.9700", "249.6200", "249.6200"], ["0.9600", "245.2100", "245.2100"], ["0.9500", "244.6300", "244.6300"]]
DESKTOP-T0IEVSO-v2	cpu (-t 2)	8.112	0.0075	[["0.9600", "123.1000", "123.1000"], ["0.9500", "123.2700", "123.2700"], ["0.9600", "123.4700", "123.4700"], ["0.9600", "123.2200", "123.2200"], ["0.9500", "123.3800", "123.3800"]]
DESKTOP-T0IEVSO-v2	cpu (-t 3)	11.646	0.1576	[["0.9600", "84.4400", "84.4400"], ["0.9500", "85.8500", "85.8500"], ["0.9500", "87.0100", "87.0100"], ["0.9600", "84.7100", "84.7100"], ["0.9600", "87.3700", "87.3700"]]
DESKTOP-T0IEVSO-v2	cpu (-t 4)	14.562	1.4239	[["0.9600", "67.5000", "67.5000"], ["0.9600", "64.4500", "64.4500"], ["0.9700", "84.5400", "84.5400"], ["0.9600", "67.5000", "67.5000"], ["0.9700", "63.1200", "63.1200"]]
DESKTOP-T0IEVSO-v2	cpu (-t 5)	16.95	2.4511	[["0.9500", "72.0000", "72.0000"], ["0.9600", "71.3800", "71.3800"], ["0.9500", "52.4100", "52.4100"], ["0.9500", "52.8000", "52.8000"], ["0.9500", "53.1000", "53.1000"]]
DESKTOP-T0IEVSO-v2	cpu (-t 6)	21.226	1.7781	[["0.9500", "46.7700", "46.7700"], ["0.9600", "44.1500", "44.1500"], ["0.9500", "44.4700", "44.4700"], ["0.9600", "45.8200", "45.8200"], ["0.9600", "56.2200", "56.2200"]]
DESKTOP-T0IEVSO-v2	cpu (-t 7)	17.232	1.7816	[["0.9600", "53.8400", "53.8400"], ["0.9500", "65.6600", "65.6600"], ["0.9500", "50.1500", "50.1500"], ["0.9500", "59.5800", "59.5800"], ["0.9600", "63.9400", "63.9400"]]
DESKTOP-T0IEVSO-v2	cpu (-t 8)	17.026	0.1881	[["0.9500", "58.8100", "58.8100"], ["0.9600", "58.3700", "58.3700"], ["0.9500", "59.9900", "59.9900"], ["0.9500", "58.2400", "58.2400"], ["0.9400", "58.2700", "58.2700"]]
DESKTOP-T0IEVSO-v2	cpu (-t 9)	18.692	0.0578	[["0.9600", "53.4700", "53.4700"], ["0.9500", "53.7200", "53.7200"], ["0.9500", "53.6300", "53.6300"], ["0.9600", "53.4700", "53.4700"], ["0.9500", "53.2100", "53.2100"]]
DESKTOP-T0IEVSO-v2	cpu (-t 10)	20.27	0.1875	[["0.9600", "49.2800", "49.2800"], ["0.9600", "48.9800", "48.9800"], ["0.9500", "48.7800", "48.7800"], ["0.9500", "49.5700", "49.5700"], ["0.9500", "50.0700", "50.0700"]]
DESKTOP-T0IEVSO-v2	cpu (-t 11)	21.174	0.6209	[["0.9500", "45.3100", "45.3100"], ["0.9600", "45.9200", "45.9200"], ["0.9500", "48.4800", "48.4800"], ["0.9500", "48.4000", "48.4000"], ["0.9500", "48.2500", "48.2500"]]
DESKTOP-T0IEVSO-v2	cpu (-t 12)	22.19	0.1068	[["0.9600", "45.0100", "45.0100"], ["0.9500", "45.3500", "45.3500"], ["0.9500", "44.8600", "44.8600"], ["0.9600", "45.2800", "45.2800"], ["0.9600", "44.8300", "44.8300"]]
DESKTOP-T0IEVSO-v2	cpu (-t 13)	23.572	0.2901	[["0.9600", "43.4600", "43.4600"], ["0.9700", "42.2600", "42.2600"], ["0.9600", "42.2100", "42.2100"], ["0.9600", "41.9200", "41.9200"], ["0.9600", "42.2900", "42.2900"]]
DESKTOP-T0IEVSO-v2	cpu (-t 14)	26.376	0.0432	[["0.9500", "37.8300", "37.8300"], ["0.9500", "38.0000", "38.0000"], ["0.9600", "37.9700", "37.9700"], ["0.9800", "37.9200", "37.9200"], ["0.9600", "37.8500", "37.8500"]]
DESKTOP-T0IEVSO-v2	cpu (-t 15)	27.28	0.3699	[["0.9500", "36.2900", "36.2900"], ["0.9600", "36.4200", "36.4200"], ["0.9500", "36.5400", "36.5400"], ["0.9600", "36.4100", "36.4100"], ["0.9500", "37.6700", "37.6700"]]
DESKTOP-T0IEVSO-v2	cpu (-t 16)	21.674	2.0668	[["0.9600", "51.8200", "51.8200"], ["0.9600", "40.5700", "40.5700"], ["0.9500", "48.3200", "48.3200"], ["0.9500", "49.6400", "49.6400"], ["0.9600", "42.4200", "42.4200"]]
DESKTOP-T0IEVSO-v2	cpu (-t 17)	0.264	0.025	[["0.9900", "4111.5300", "4111.5300"], ["1.0500", "3393.2200", "3393.2200"], ["1.0000", "4381.5700", "4381.5700"], ["1.0400", "3710.6700", "3710.6700"], ["1.0100", "3496.8400", "3496.8400"]]
DESKTOP-T0IEVSO-v2	cpu (openblas, -t 1)	4.13	0.0253	[["0.9500", "241.3500", "241.3500"], ["0.9500", "241.7300", "241.7300"], ["0.9500", "241.5300", "241.5300"], ["0.9500", "241.2000", "241.2000"], ["0.9700", "244.8500", "244.8500"]]
DESKTOP-T0IEVSO-v2	cpu (openblas, -t 2)	8.208	0.0075	[["0.9500", "121.6900", "121.6900"], ["0.9400", "122.0100", "122.0100"], ["0.9500", "121.8200", "121.8200"], ["0.9500", "122.0200", "122.0200"], ["0.9600", "121.8400", "121.8400"]]
DESKTOP-T0IEVSO-v2	cpu (openblas, -t 3)	12.202	0.0075	[["0.9500", "81.9200", "81.9200"], ["0.9500", "81.9500", "81.9500"], ["0.9500", "81.8900", "81.8900"], ["0.9600", "81.9600", "81.9600"], ["0.9500", "82.0400", "82.0400"]]
DESKTOP-T0IEVSO-v2	cpu (openblas, -t 4)	16.028	0.0117	[["0.9500", "62.4200", "62.4200"], ["0.9500", "62.4200", "62.4200"], ["0.9500", "62.3000", "62.3000"], ["0.9500", "62.3700", "62.3700"], ["0.9500", "62.4200", "62.4200"]]
DESKTOP-T0IEVSO-v2	cpu (openblas, -t 5)	19.162	0.6703	[["0.9500", "51.0000", "51.0000"], ["0.9500", "51.0100", "51.0100"], ["0.9500", "51.1200", "51.1200"], ["0.9500", "52.1500", "52.1500"], ["0.9500", "55.9800", "55.9800"]]
DESKTOP-T0IEVSO-v2	cpu (openblas, -t 6)	22.354	0.7149	[["0.9500", "44.3400", "44.3400"], ["0.9500", "43.4900", "43.4900"], ["0.9500", "47.3700", "47.3700"], ["0.9600", "43.3800", "43.3800"], ["0.9600", "45.3100", "45.3100"]]
DESKTOP-T0IEVSO-v2	cpu (openblas, -t 7)	20.568	2.4952	[["0.9500", "46.0600", "46.0600"], ["0.9500", "45.7300", "45.7300"], ["0.9500", "64.1500", "64.1500"], ["0.9500", "45.2500", "45.2500"], ["0.9500", "46.3600", "46.3600"]]
DESKTOP-T0IEVSO-v2	cpu (openblas, -t 8)	17.16	0.0415	[["0.9500", "58.1900", "58.1900"], ["0.9500", "58.3100", "58.3100"], ["0.9500", "58.4900", "58.4900"], ["0.9500", "58.3600", "58.3600"], ["0.9500", "58.0700", "58.0700"]]
DESKTOP-T0IEVSO-v2	cpu (openblas, -t 9)	18.856	0.0472	[["0.9500", "53.0500", "53.0500"], ["0.9600", "52.8400", "52.8400"], ["0.9500", "53.1200", "53.1200"], ["0.9500", "52.9800", "52.9800"], ["0.9500", "53.2300", "53.2300"]]
DESKTOP-T0IEVSO-v2	cpu (openblas, -t 10)	20.588	0.0519	[["0.9500", "48.5300", "48.5300"], ["0.9700", "48.7800", "48.7800"], ["0.9500", "48.5600", "48.5600"], ["0.9500", "48.6000", "48.6000"], ["0.9600", "48.4100", "48.4100"]]
DESKTOP-T0IEVSO-v2	cpu (openblas, -t 11)	22.126	0.0791	[["0.9600", "44.9900", "44.9900"], ["0.9500", "45.3900", "45.3900"], ["0.9500", "45.0300", "45.0300"], ["0.9400", "45.2900", "45.2900"], ["0.9500", "45.2800", "45.2800"]]
DESKTOP-T0IEVSO-v2	cpu (openblas, -t 12)	23.682	0.092	[["0.9500", "42.4000", "42.4000"], ["0.9500", "42.3900", "42.3900"], ["0.9500", "41.9600", "41.9600"], ["0.9400", "42.1500", "42.1500"], ["0.9500", "42.2100", "42.2100"]]
DESKTOP-T0IEVSO-v2	cpu (openblas, -t 13)	25.094	0.0697	[["0.9500", "40.0000", "40.0000"], ["0.9500", "39.8700", "39.8700"], ["0.9500", "39.6600", "39.6600"], ["0.9500", "39.8100", "39.8100"], ["0.9500", "39.9000", "39.9000"]]
DESKTOP-T0IEVSO-v2	cpu (openblas, -t 14)	26.376	0.1095	[["0.9600", "37.8100", "37.8100"], ["0.9500", "37.8700", "37.8700"], ["0.9500", "37.8100", "37.8100"], ["0.9500", "37.8600", "37.8600"], ["0.9500", "38.2200", "38.2200"]]
DESKTOP-T0IEVSO-v2	cpu (openblas, -t 15)	27.262	0.2375	[["0.9600", "36.6400", "36.6400"], ["0.9500", "36.4000", "36.4000"], ["0.9500", "36.8300", "36.8300"], ["0.9500", "37.2200", "37.2200"], ["0.9400", "36.3300", "36.3300"]]
DESKTOP-T0IEVSO-v2	cpu (openblas, -t 16)	24.478	0.3163	[["0.9600", "41.2200", "41.2200"], ["0.9500", "40.6400", "40.6400"], ["0.9500", "39.9500", "39.9500"], ["0.9600", "41.0700", "41.0700"], ["0.9500", "41.4300", "41.4300"]]
DESKTOP-T0IEVSO-v2	cpu (openblas, -t 17)	0.26	0.021	[["1.0400", "3545.3200", "3545.3200"], ["1.0000", "3588.7500", "3588.7500"], ["1.0100", "3727.7100", "3727.7100"], ["0.9900", "4209.4200", "4209.4200"], ["0.9700", "4321.6200", "4321.6200"]]
scw-beautiful-hertz	cpu (-t 1)	1.598	0.0331	[["1.3500", "618.8300", "618.8300"], ["1.3900", "636.4400", "636.4400"], ["1.3800", "622.6600", "622.6600"], ["1.4100", "609.3200", "609.3200"], ["1.4000", "643.5200", "643.5200"]]
scw-beautiful-hertz	cpu (-t 2)	2.864	0.0967	[["1.3800", "350.2700", "350.2700"], ["1.3700", "353.1900", "353.1900"], ["1.3700", "361.1900", "361.1900"], ["1.4000", "328.0000", "328.0000"], ["1.3800", "355.1000", "355.1000"]]
scw-beautiful-hertz	cpu (-t 3)	3.628	0.2979	[["1.3700", "256.2500", "256.2500"], ["1.4100", "289.0000", "289.0000"], ["1.4400", "263.1700", "263.1700"], ["1.4200", "259.1500", "259.1500"], ["1.4000", "320.7200", "320.7200"]]
scw-beautiful-hertz	cpu (-t 4)	4.538	0.6303	[["1.3900", "200.4600", "200.4600"], ["1.4700", "181.3900", "181.3900"], ["1.3300", "262.7200", "262.7200"], ["1.5900", "249.4500", "249.4500"], ["1.5900", "229.0400", "229.0400"]]
scw-beautiful-hertz	cpu (-t 5)	0.512	0.0075	[["1.4400", "1936.1100", "1936.1100"], ["1.4200", "1937.4300", "1937.4300"], ["1.6000", "1979.4300", "1979.4300"], ["1.4600", "1963.5100", "1963.5100"], ["1.2700", "1996.7900", "1996.7900"]]
scw-beautiful-hertz	cpu (openblas, -t 1)	1.586	0.0233	[["1.3700", "633.1500", "633.1500"], ["1.3500", "612.5400", "612.5400"], ["1.4000", "633.4900", "633.4900"], ["1.4200", "642.6500", "642.6500"], ["1.4000", "632.8800", "632.8800"]]
scw-beautiful-hertz	cpu (openblas, -t 2)	2.958	0.0578	[["1.4300", "333.4700", "333.4700"], ["1.3900", "345.3800", "345.3800"], ["1.4200", "343.9300", "343.9300"], ["1.3300", "340.8700", "340.8700"], ["1.4100", "328.1400", "328.1400"]]
scw-beautiful-hertz	cpu (openblas, -t 3)	4.324	0.297	[["1.3300", "217.9500", "217.9500"], ["1.4100", "237.0200", "237.0200"], ["1.3100", "219.4200", "219.4200"], ["1.4700", "224.2100", "224.2100"], ["1.3800", "263.5700", "263.5700"]]
scw-beautiful-hertz	cpu (openblas, -t 4)	4.43	0.5112	[["1.4500", "202.1000", "202.1000"], ["1.5100", "246.4200", "246.4200"], ["1.5200", "236.1800", "236.1800"], ["1.4300", "195.8100", "195.8100"], ["1.4700", "263.2100", "263.2100"]]
scw-beautiful-hertz	cpu (openblas, -t 5)	0.516	0.0049	[["1.5300", "1936.4000", "1936.4000"], ["1.6100", "1928.1200", "1928.1200"], ["1.2700", "1945.4400", "1945.4400"], ["1.4600", "1919.4400", "1919.4400"], ["1.3300", "1960.1300", "1960.1300"]]
ubuntu-8gb-hel1-1	cpu (-t 1)	2.028	0.0172	[["1.1600", "494.3500", "494.3500"], ["1.1600", "485.2900", "485.2900"], ["1.1500", "495.2900", "495.2900"], ["1.1800", "497.5800", "497.5800"], ["1.1500", "492.3900", "492.3900"]]
ubuntu-8gb-hel1-1	cpu (-t 2)	3.86	0.0701	[["1.1800", "252.6600", "252.6600"], ["1.2000", "255.4200", "255.4200"], ["1.1800", "260.3700", "260.3700"], ["1.2000", "265.3900", "265.3900"], ["1.1800", "262.5700", "262.5700"]]
ubuntu-8gb-hel1-1	cpu (-t 3)	0.194	0.012	[["1.4100", "4937.8200", "4937.8200"], ["1.3000", "4711.9300", "4711.9300"], ["1.3000", "4975.2300", "4975.2300"], ["1.3100", "5453.3100", "5453.3100"], ["1.4400", "5417.4600", "5417.4600"]]
ubuntu-8gb-hel1-1	cpu (openblas, -t 1)	1.994	0.0326	[["1.1100", "501.2900", "501.2900"], ["1.1000", "499.8900", "499.8900"], ["1.1300", "488.4600", "488.4600"], ["1.1100", "504.3800", "504.3800"], ["1.1000", "511.9300", "511.9300"]]
ubuntu-8gb-hel1-1	cpu (openblas, -t 2)	3.74	0.0486	[["1.1000", "263.9900", "263.9900"], ["1.1500", "264.7100", "264.7100"], ["1.1300", "269.4800", "269.4800"], ["1.1500", "273.0100", "273.0100"], ["1.1300", "266.0500", "266.0500"]]
ubuntu-8gb-hel1-1	cpu (openblas, -t 3)	0.192	0.004	[["1.2300", "5190.7400", "5190.7400"], ["1.2100", "5272.0500", "5272.0500"], ["1.2100", "5004.0600", "5004.0600"], ["1.2000", "5281.4200", "5281.4200"], ["1.1900", "5132.6000", "5132.6000"]]
ubuntu-8gb-hel1-2	cpu (-t 1)	4.856	0.0641	[["0.8400", "203.3500", "203.3500"], ["0.8500", "203.8400", "203.8400"], ["0.8300", "204.5400", "204.5400"], ["0.8300", "208.1600", "208.1600"], ["0.8400", "210.2300", "210.2300"]]
ubuntu-8gb-hel1-2	cpu (-t 2)	5.0	0.0322	[["0.8100", "200.2200", "200.2200"], ["0.8400", "200.1100", "200.1100"], ["0.8700", "197.8400", "197.8400"], ["0.8300", "199.5900", "199.5900"], ["0.8600", "202.1500", "202.1500"]]
ubuntu-8gb-hel1-2	cpu (-t 3)	0.188	0.004	[["0.7800", "5531.9200", "5531.9200"], ["0.8100", "5287.5300", "5287.5300"], ["0.7900", "5343.9300", "5343.9300"], ["0.7900", "5143.8700", "5143.8700"], ["0.7900", "5155.1200", "5155.1200"]]
ubuntu-8gb-hel1-2	cpu (openblas, -t 1)	4.836	0.0372	[["0.8500", "209.5700", "209.5700"], ["0.8500", "204.7200", "204.7200"], ["0.8400", "206.8300", "206.8300"], ["0.8700", "206.5600", "206.5600"], ["0.8400", "205.9100", "205.9100"]]
ubuntu-8gb-hel1-2	cpu (openblas, -t 2)	4.934	0.0786	[["0.8500", "202.0600", "202.0600"], ["0.8500", "198.5400", "198.5400"], ["0.8500", "200.7400", "200.7400"], ["0.8700", "207.8600", "207.8600"], ["0.8500", "204.6800", "204.6800"]]
ubuntu-8gb-hel1-2	cpu (openblas, -t 3)	0.202	0.004	[["0.7900", "4847.9200", "4847.9200"], ["0.7800", "5036.8300", "5036.8300"], ["0.7600", "4961.6200", "4961.6200"], ["0.7700", "5128.1300", "5128.1300"], ["0.7800", "5112.8400", "5112.8400"]]
elpis	gpu (-t 1, -ngl 0)	4.452	0.0581	[["0.7300", "220.0400", "220.0400"], ["0.7700", "227.5800", "227.5800"], ["0.7600", "227.7100", "227.7100"], ["0.7700", "224.8700", "224.8700"], ["0.7700", "222.7700", "222.7700"]]
elpis	gpu (-t 6, -ngl 0)	16.992	1.516	[["0.9000", "55.1200", "55.1200"], ["0.9100", "66.0500", "66.0500"], ["0.8900", "51.7700", "51.7700"], ["0.9200", "61.9900", "61.9900"], ["0.9200", "61.6300", "61.6300"]]
elpis	gpu (-t 11, -ngl 0)	10.572	2.5882	[["0.8100", "82.4700", "82.4700"], ["0.8300", "70.0300", "70.0300"], ["0.8300", "94.3500", "94.3500"], ["0.8300", "150.6600", "150.6600"], ["0.8300", "108.5300", "108.5300"]]
elpis	gpu (-t 13, -ngl 0)	0.44	0.0477	[["0.8100", "2368.2300", "2368.2300"], ["0.8000", "1887.0200", "1887.0200"], ["0.8600", "2364.2200", "2364.2200"], ["0.8100", "2545.4200", "2545.4200"], ["0.8900", "2250.8500", "2250.8500"]]
elpis	gpu (-t 1, -ngl 10)	5.34	0.109	[["0.8800", "190.4600", "190.4600"], ["0.7700", "188.4000", "188.4000"], ["0.7900", "181.0200", "181.0200"], ["0.8900", "185.0200", "185.0200"], ["0.8600", "191.6200", "191.6200"]]
elpis	gpu (-t 6, -ngl 10)	14.688	2.6209	[["0.9200", "52.1600", "52.1600"], ["0.8900", "68.0800", "68.0800"], ["1.0000", "91.1800", "91.1800"], ["0.9500", "68.6200", "68.6200"], ["0.9000", "71.2400", "71.2400"]]
elpis	gpu (-t 11, -ngl 10)	12.728	3.8498	[["0.8300", "173.6400", "173.6400"], ["0.8300", "60.3400", "60.3400"], ["0.8600", "63.7800", "63.7800"], ["0.8300", "84.7800", "84.7800"], ["0.8200", "72.3000", "72.3000"]]
elpis	gpu (-t 13, -ngl 10)	0.612	0.0392	[["0.8200", "1793.4800", "1793.4800"], ["0.8800", "1467.1600", "1467.1600"], ["0.9000", "1611.5500", "1611.5500"], ["0.9000", "1671.1500", "1671.1500"], ["0.9200", "1676.1600", "1676.1600"]]
elpis	gpu (-t 1, -ngl 20)	8.062	0.5824	[["0.7800", "144.4500", "144.4500"], ["0.8100", "122.5400", "122.5400"], ["0.8400", "118.2800", "118.2800"], ["0.8100", "120.5200", "120.5200"], ["0.9000", "117.9800", "117.9800"]]
elpis	gpu (-t 6, -ngl 20)	16.714	0.9027	[["0.9100", "62.1600", "62.1600"], ["0.8400", "61.6200", "61.6200"], ["0.9100", "62.0600", "62.0600"], ["0.8000", "54.1400", "54.1400"], ["0.9700", "60.0000", "60.0000"]]
elpis	gpu (-t 11, -ngl 20)	13.084	2.5442	[["0.8500", "72.2800", "72.2800"], ["0.8500", "59.6700", "59.6700"], ["0.8800", "89.3600", "89.3600"], ["1.2400", "106.1400", "106.1400"], ["1.1800", "70.3700", "70.3700"]]
elpis	gpu (-t 13, -ngl 20)	1.074	0.1587	[["0.8700", "966.0200", "966.0200"], ["0.7500", "1088.7700", "1088.7700"], ["0.8500", "732.6800", "732.6800"], ["0.8900", "901.0100", "901.0100"], ["0.8000", "1059.5900", "1059.5900"]]
elpis	gpu (-t 1, -ngl 30)	15.038	0.335	[["0.8000", "68.7900", "68.7900"], ["0.8300", "67.1500", "67.1500"], ["0.8400", "66.9400", "66.9400"], ["0.8100", "65.1100", "65.1100"], ["0.7900", "64.6900", "64.6900"]]
elpis	gpu (-t 6, -ngl 30)	18.938	0.1512	[["0.8100", "52.5900", "52.5900"], ["0.9000", "52.4300", "52.4300"], ["0.9800", "53.3100", "53.3100"], ["0.7900", "52.3700", "52.3700"], ["0.8000", "53.3400", "53.3400"]]
elpis	gpu (-t 11, -ngl 30)	17.48	0.9654	[["0.8500", "53.8000", "53.8000"], ["0.8300", "61.1000", "61.1000"], ["0.8600", "61.0100", "61.0100"], ["0.8300", "56.9100", "56.9100"], ["0.8200", "54.1200", "54.1200"]]
elpis	gpu (-t 13, -ngl 30)	9.548	2.7531	[["0.7900", "149.9900", "149.9900"], ["0.7600", "82.3000", "82.3000"], ["0.9100", "73.8600", "73.8600"], ["0.8400", "129.3100", "129.3100"], ["0.7500", "130.7000", "130.7000"]]
elpis	gpu (-t 1, -ngl 33)	20.05	0.5515	[["0.7600", "49.3900", "49.3900"], ["0.7800", "52.7600", "52.7600"], ["0.7900", "49.0800", "49.0800"], ["0.8200", "49.1800", "49.1800"], ["0.8000", "49.1300", "49.1300"]]
elpis	gpu (-t 6, -ngl 33)	20.448	0.0773	[["0.8100", "48.9000", "48.9000"], ["0.8800", "48.8900", "48.8900"], ["0.8300", "49.1600", "49.1600"], ["0.8000", "48.5800", "48.5800"], ["0.7900", "48.9700", "48.9700"]]
elpis	gpu (-t 11, -ngl 33)	20.452	0.0752	[["0.7800", "48.8600", "48.8600"], ["0.8000", "48.5800", "48.5800"], ["0.8100", "48.9200", "48.9200"], ["0.8200", "48.9700", "48.9700"], ["0.8600", "49.1500", "49.1500"]]
elpis	gpu (-t 13, -ngl 33)	20.298	0.0852	[["0.8000", "49.5000", "49.5000"], ["0.8800", "49.0400", "49.0400"], ["0.9200", "49.1200", "49.1200"], ["1.0000", "49.1400", "49.1400"], ["0.9100", "49.5300", "49.5300"]]
chlorine	cpu (-t 1)	3.906	0.0049	[["0.8300", "255.7300", "255.7300"], ["0.8300", "256.1600", "256.1600"], ["0.8300", "256.1100", "256.1100"], ["0.8300", "255.7800", "255.7800"], ["0.8300", "256.0000", "256.0000"]]
chlorine	cpu (-t 2)	7.65	0.0261	[["0.8300", "130.6600", "130.6600"], ["0.8300", "131.0200", "131.0200"], ["0.8300", "130.9200", "130.9200"], ["0.8300", "129.7900", "129.7900"], ["0.8300", "131.0800", "131.0800"]]
chlorine	cpu (-t 3)	10.332	0.0453	[["0.8500", "96.2600", "96.2600"], ["0.8400", "97.3000", "97.3000"], ["0.8500", "97.2800", "97.2800"], ["0.8500", "96.4200", "96.4200"], ["0.8500", "96.7200", "96.7200"]]
chlorine	cpu (-t 4)	12.498	0.0331	[["0.8600", "79.6700", "79.6700"], ["0.8500", "80.0500", "80.0500"], ["0.8600", "80.1800", "80.1800"], ["0.8500", "79.8600", "79.8600"], ["0.8600", "80.2500", "80.2500"]]
chlorine	cpu (-t 5)	9.182	0.0778	[["0.8700", "110.3800", "110.3800"], ["0.8800", "108.1100", "108.1100"], ["0.8600", "107.8100", "107.8100"], ["0.8600", "109.0800", "109.0800"], ["0.8500", "109.2800", "109.2800"]]
chlorine	cpu (-t 6)	10.53	0.0276	[["0.8700", "95.1000", "95.1000"], ["0.8900", "94.7600", "94.7600"], ["0.8700", "94.7800", "94.7800"], ["0.8700", "94.7900", "94.7900"], ["0.8900", "95.4300", "95.4300"]]
chlorine	cpu (-t 7)	11.712	0.0906	[["0.8800", "84.7700", "84.7700"], ["0.8900", "86.4100", "86.4100"], ["0.9000", "84.9400", "84.9400"], ["0.8900", "84.9000", "84.9000"], ["0.8800", "85.9100", "85.9100"]]
chlorine	cpu (-t 8)	12.726	0.0717	[["0.9000", "78.5800", "78.5800"], ["0.8900", "78.4600", "78.4600"], ["0.8800", "78.1100", "78.1100"], ["0.8700", "78.3400", "78.3400"], ["0.8900", "79.4500", "79.4500"]]
chlorine	cpu (-t 9)	0.454	0.008	[["0.8900", "2190.9200", "2190.9200"], ["0.8700", "2275.9000", "2275.9000"], ["0.8900", "2179.9100", "2179.9100"], ["0.8600", "2225.3000", "2225.3000"], ["0.8600", "2168.4400", "2168.4400"]]
chlorine	cpu (openblas, -t 1)	3.956	0.0049	[["0.8300", "252.4100", "252.4100"], ["0.8300", "253.4100", "253.4100"], ["0.8300", "252.7500", "252.7500"], ["0.8300", "252.6500", "252.6500"], ["0.8300", "253.2200", "253.2200"]]
chlorine	cpu (openblas, -t 2)	7.786	0.0233	[["0.8300", "129.1000", "129.1000"], ["0.8300", "128.1100", "128.1100"], ["0.8400", "128.7500", "128.7500"], ["0.8300", "128.4100", "128.4100"], ["0.8500", "128.1200", "128.1200"]]
chlorine	cpu (openblas, -t 3)	10.46	0.0253	[["0.8400", "95.4600", "95.4600"], ["0.8500", "95.7800", "95.7800"], ["0.8400", "95.4200", "95.4200"], ["0.8500", "95.9700", "95.9700"], ["0.8400", "95.4600", "95.4600"]]
chlorine	cpu (openblas, -t 4)	12.664	0.0287	[["0.8400", "78.9500", "78.9500"], ["0.8500", "79.2400", "79.2400"], ["0.8600", "78.7000", "78.7000"], ["0.8500", "79.0100", "79.0100"], ["0.8500", "78.9700", "78.9700"]]
chlorine	cpu (openblas, -t 5)	9.282	0.0431	[["0.8400", "108.2500", "108.2500"], ["0.8600", "107.3500", "107.3500"], ["0.8600", "108.4400", "108.4400"], ["0.8600", "107.4100", "107.4100"], ["0.8700", "107.2600", "107.2600"]]
chlorine	cpu (openblas, -t 6)	10.588	0.0387	[["0.8700", "94.9300", "94.9300"], ["0.8700", "94.5100", "94.5100"], ["0.8700", "93.9900", "93.9900"], ["0.8900", "94.5900", "94.5900"], ["0.8600", "94.2000", "94.2000"]]
chlorine	cpu (openblas, -t 7)	11.814	0.0585	[["0.8900", "84.1900", "84.1900"], ["0.8900", "84.6900", "84.6900"], ["0.9000", "85.2000", "85.2000"], ["0.9100", "85.0200", "85.0200"], ["0.8600", "84.1800", "84.1800"]]
chlorine	cpu (openblas, -t 8)	12.664	0.0615	[["0.8600", "79.2300", "79.2300"], ["0.8900", "78.9800", "78.9800"], ["0.8700", "79.4100", "79.4100"], ["0.8700", "78.8700", "78.8700"], ["0.8600", "78.3300", "78.3300"]]
chlorine	cpu (openblas, -t 9)	0.456	0.0174	[["0.8600", "2039.7900", "2039.7900"], ["0.8700", "2226.5200", "2226.5200"], ["0.8800", "2255.2400", "2255.2400"], ["0.8500", "2226.3500", "2226.3500"], ["0.8900", "2235.8200", "2235.8200"]]
arctic-rose-v2	cpu (-t 1)	1.936	0.0174	[["0.8000", "507.6600", "507.6600"], ["0.8000", "517.3500", "517.3500"], ["0.8000", "518.8500", "518.8500"], ["0.8000", "520.8200", "520.8200"], ["0.8000", "517.8100", "517.8100"]]
arctic-rose-v2	cpu (-t 2)	3.71	0.0089	[["0.8100", "269.0400", "269.0400"], ["0.8100", "270.5100", "270.5100"], ["0.8200", "270.4900", "270.4900"], ["0.8100", "269.1500", "269.1500"], ["0.8200", "269.7200", "269.7200"]]
arctic-rose-v2	cpu (-t 3)	5.398	0.0214	[["0.8200", "185.2300", "185.2300"], ["0.8200", "185.9200", "185.9200"], ["0.8100", "184.8600", "184.8600"], ["0.8100", "186.1300", "186.1300"], ["0.8200", "184.2600", "184.2600"]]
arctic-rose-v2	cpu (-t 4)	6.912	0.0618	[["0.8100", "147.2100", "147.2100"], ["0.8200", "144.2100", "144.2100"], ["0.8100", "144.1800", "144.1800"], ["0.8200", "143.6600", "143.6600"], ["0.8200", "144.1700", "144.1700"]]
arctic-rose-v2	cpu (-t 5)	8.452	0.0117	[["0.8200", "118.4400", "118.4400"], ["0.8200", "118.2000", "118.2000"], ["0.8200", "118.0000", "118.0000"], ["0.8200", "118.2900", "118.2900"], ["0.8100", "118.5000", "118.5000"]]
arctic-rose-v2	cpu (-t 6)	10.016	0.0734	[["0.8100", "99.5000", "99.5000"], ["0.8100", "99.5900", "99.5900"], ["0.8100", "99.3900", "99.3900"], ["0.8100", "99.3900", "99.3900"], ["0.8100", "101.3200", "101.3200"]]
arctic-rose-v2	cpu (-t 7)	11.588	0.0204	[["0.8100", "86.5500", "86.5500"], ["0.8100", "86.2400", "86.2400"], ["0.8100", "86.3100", "86.3100"], ["0.8100", "86.2900", "86.2900"], ["0.8100", "86.1500", "86.1500"]]
arctic-rose-v2	cpu (-t 8)	13.112	0.0757	[["0.8100", "75.8900", "75.8900"], ["0.8100", "76.0000", "76.0000"], ["0.8100", "76.3600", "76.3600"], ["0.8100", "77.1000", "77.1000"], ["0.8100", "76.0500", "76.0500"]]
arctic-rose-v2	cpu (-t 9)	8.63	0.0283	[["0.8200", "115.6000", "115.6000"], ["0.8200", "116.5400", "116.5400"], ["0.8100", "115.9800", "115.9800"], ["0.8200", "115.4100", "115.4100"], ["0.8200", "115.6800", "115.6800"]]
arctic-rose-v2	cpu (-t 10)	9.524	0.0136	[["0.8200", "104.7400", "104.7400"], ["0.8200", "105.1400", "105.1400"], ["0.8100", "104.9900", "104.9900"], ["0.8100", "104.9900", "104.9900"], ["0.8200", "104.9900", "104.9900"]]
arctic-rose-v2	cpu (-t 11)	10.402	0.0075	[["0.8200", "96.0700", "96.0700"], ["0.8100", "96.1800", "96.1800"], ["0.8200", "96.1400", "96.1400"], ["0.8100", "96.2400", "96.2400"], ["0.8100", "96.0700", "96.0700"]]
arctic-rose-v2	cpu (-t 12)	11.186	0.125	[["0.8100", "88.7300", "88.7300"], ["0.8200", "88.7600", "88.7600"], ["0.8200", "90.7600", "90.7600"], ["0.8200", "90.4700", "90.4700"], ["0.8200", "88.3700", "88.3700"]]
arctic-rose-v2	cpu (-t 13)	11.982	0.1418	[["0.8100", "84.4700", "84.4700"], ["0.8200", "82.6400", "82.6400"], ["0.8100", "84.8700", "84.8700"], ["0.8200", "82.7400", "82.7400"], ["0.8200", "82.6700", "82.6700"]]
arctic-rose-v2	cpu (-t 14)	12.874	0.1071	[["0.8200", "78.9600", "78.9600"], ["0.8200", "77.3400", "77.3400"], ["0.8100", "77.3200", "77.3200"], ["0.8200", "77.3100", "77.3100"], ["0.8100", "77.3900", "77.3900"]]
arctic-rose-v2	cpu (-t 15)	13.686	0.0049	[["0.8200", "73.1200", "73.1200"], ["0.8200", "73.0400", "73.0400"], ["0.8200", "73.0700", "73.0700"], ["0.8100", "73.0400", "73.0400"], ["0.8100", "73.0900", "73.0900"]]
arctic-rose-v2	cpu (-t 16)	14.462	0.0075	[["0.8200", "69.2000", "69.2000"], ["0.8100", "69.1300", "69.1300"], ["0.8200", "69.1800", "69.1800"], ["0.8200", "69.1500", "69.1500"], ["0.8100", "69.1300", "69.1300"]]
arctic-rose-v2	cpu (-t 17)	0.21	0.0063	[["0.7800", "4719.2700", "4719.2700"], ["0.7900", "4774.6000", "4774.6000"], ["0.7800", "4774.2700", "4774.2700"], ["0.7800", "4638.2700", "4638.2700"], ["0.7900", "4919.9400", "4919.9400"]]
arctic-rose-v2	cpu (openblas, -t 1)	1.938	0.016	[["0.7700", "516.8000", "516.8000"], ["0.7800", "506.3800", "506.3800"], ["0.7800", "517.9900", "517.9900"], ["0.7800", "519.1800", "519.1800"], ["0.7800", "517.4800", "517.4800"]]
arctic-rose-v2	cpu (openblas, -t 2)	3.716	0.045	[["0.7900", "273.7500", "273.7500"], ["0.7900", "264.0000", "264.0000"], ["0.7900", "268.4900", "268.4900"], ["0.7800", "269.9800", "269.9800"], ["0.7900", "268.9400", "268.9400"]]
arctic-rose-v2	cpu (openblas, -t 3)	5.414	0.0136	[["0.7900", "184.8800", "184.8800"], ["0.7900", "184.8500", "184.8500"], ["0.7900", "183.7700", "183.7700"], ["0.7900", "184.9000", "184.9000"], ["0.7800", "185.3200", "185.3200"]]
arctic-rose-v2	cpu (openblas, -t 4)	6.978	0.0658	[["0.7800", "143.2800", "143.2800"], ["0.7900", "141.9500", "141.9500"], ["0.7900", "145.7900", "145.7900"], ["0.8000", "142.0800", "142.0800"], ["0.7900", "143.4300", "143.4300"]]
arctic-rose-v2	cpu (openblas, -t 5)	8.484	0.0242	[["0.7800", "117.6100", "117.6100"], ["0.7900", "117.5000", "117.5000"], ["0.8000", "117.6400", "117.6400"], ["0.7900", "118.2800", "118.2800"], ["0.7900", "118.2000", "118.2000"]]
arctic-rose-v2	cpu (openblas, -t 6)	10.084	0.0258	[["0.7900", "99.1700", "99.1700"], ["0.7900", "99.2300", "99.2300"], ["0.7900", "98.6800", "98.6800"], ["0.7900", "99.5200", "99.5200"], ["0.7900", "99.2100", "99.2100"]]
arctic-rose-v2	cpu (openblas, -t 7)	11.664	0.0136	[["0.7900", "85.6700", "85.6700"], ["0.7800", "85.6300", "85.6300"], ["0.7800", "85.6700", "85.6700"], ["0.7800", "85.7800", "85.7800"], ["0.7900", "85.9000", "85.9000"]]
arctic-rose-v2	cpu (openblas, -t 8)	13.056	0.1792	[["0.7900", "76.2700", "76.2700"], ["0.7900", "78.7600", "78.7600"], ["0.7800", "76.0900", "76.0900"], ["0.7900", "75.9900", "75.9900"], ["0.7900", "75.9200", "75.9200"]]
arctic-rose-v2	cpu (openblas, -t 9)	8.604	0.0301	[["0.7900", "116.0300", "116.0300"], ["0.7900", "115.6700", "115.6700"], ["0.8000", "116.4700", "116.4700"], ["0.7900", "116.2300", "116.2300"], ["0.8000", "116.7900", "116.7900"]]
arctic-rose-v2	cpu (openblas, -t 10)	9.428	0.1007	[["0.7900", "105.1300", "105.1300"], ["0.7900", "105.2100", "105.2100"], ["0.7900", "105.0500", "105.0500"], ["0.7800", "107.4400", "107.4400"], ["0.7800", "107.5200", "107.5200"]]
arctic-rose-v2	cpu (openblas, -t 11)	10.33	0.0957	[["0.7900", "96.2900", "96.2900"], ["0.7900", "96.2600", "96.2600"], ["0.7900", "98.6200", "98.6200"], ["0.7900", "96.5700", "96.5700"], ["0.7900", "96.4400", "96.4400"]]
arctic-rose-v2	cpu (openblas, -t 12)	11.244	0.0049	[["0.7900", "88.9400", "88.9400"], ["0.7900", "88.9500", "88.9500"], ["0.7900", "88.8700", "88.8700"], ["0.7900", "88.9300", "88.9300"], ["0.7900", "88.9200", "88.9200"]]
arctic-rose-v2	cpu (openblas, -t 13)	12.074	0.0049	[["0.7900", "82.8000", "82.8000"], ["0.7900", "82.8000", "82.8000"], ["0.7900", "82.8300", "82.8300"], ["0.7900", "82.8300", "82.8300"], ["0.7800", "82.8300", "82.8300"]]
arctic-rose-v2	cpu (openblas, -t 14)	12.89	0.011	[["0.7900", "77.7100", "77.7100"], ["0.7800", "77.5500", "77.5500"], ["0.7900", "77.5300", "77.5300"], ["0.7900", "77.4900", "77.4900"], ["0.7900", "77.5900", "77.5900"]]
arctic-rose-v2	cpu (openblas, -t 15)	13.66	0.0063	[["0.7800", "73.2000", "73.2000"], ["0.7900", "73.2100", "73.2100"], ["0.7900", "73.1700", "73.1700"], ["0.7800", "73.2300", "73.2300"], ["0.7900", "73.2600", "73.2600"]]
arctic-rose-v2	cpu (openblas, -t 16)	14.424	0.0049	[["0.7900", "69.3700", "69.3700"], ["0.7900", "69.3400", "69.3400"], ["0.7900", "69.3200", "69.3200"], ["0.7900", "69.3200", "69.3200"], ["0.7900", "69.3600", "69.3600"]]
arctic-rose-v2	cpu (openblas, -t 17)	0.208	0.004	[["0.8300", "4865.9400", "4865.9400"], ["0.8200", "4964.6100", "4964.6100"], ["0.8400", "4837.6000", "4837.6000"], ["0.8200", "4760.2700", "4760.2700"], ["0.8300", "4821.6000", "4821.6000"]]
arctic-rose-v2	gpu (-t 1, -ngl 0)	1.92	0.0	[["0.7800", "521.6700", "521.6700"], ["0.7800", "519.8100", "519.8100"], ["0.7800", "520.0600", "520.0600"], ["0.7800", "520.5900", "520.5900"], ["0.7800", "519.6300", "519.6300"]]
arctic-rose-v2	gpu (-t 6, -ngl 0)	9.95	0.1024	[["0.8000", "101.4700", "101.4700"], ["0.7900", "101.3700", "101.3700"], ["0.7900", "99.2900", "99.2900"], ["0.7800", "99.2300", "99.2300"], ["0.7900", "101.2500", "101.2500"]]
arctic-rose-v2	gpu (-t 11, -ngl 0)	10.334	0.092	[["0.7900", "98.5100", "98.5100"], ["0.7900", "96.3700", "96.3700"], ["0.8000", "96.3200", "96.3200"], ["0.7900", "96.3800", "96.3800"], ["0.7900", "96.3700", "96.3700"]]
arctic-rose-v2	gpu (-t 16, -ngl 0)	14.168	0.0956	[["0.7800", "70.6800", "70.6800"], ["0.7900", "69.7700", "69.7700"], ["0.7900", "70.5600", "70.5600"], ["0.7900", "70.6400", "70.6400"], ["0.7900", "71.3000", "71.3000"]]
arctic-rose-v2	gpu (-t 17, -ngl 0)	0.24	0.011	[["0.7700", "4096.6100", "4096.6100"], ["0.7700", "4193.6000", "4193.6000"], ["0.7700", "3881.9300", "3881.9300"], ["0.7700", "4288.9300", "4288.9300"], ["0.7600", "4270.6000", "4270.6000"]]
arctic-rose-v2	gpu (-t 1, -ngl 10)	2.474	0.0273	[["0.7900", "410.6300", "410.6300"], ["0.7800", "399.5700", "399.5700"], ["0.7900", "398.7100", "398.7100"], ["0.7800", "404.6800", "404.6800"], ["0.7900", "407.9100", "407.9100"]]
arctic-rose-v2	gpu (-t 6, -ngl 10)	12.382	0.1347	[["0.8000", "80.2000", "80.2000"], ["0.8000", "82.5300", "82.5300"], ["0.8000", "80.6200", "80.6200"], ["0.7900", "80.0600", "80.0600"], ["0.8000", "80.4200", "80.4200"]]
arctic-rose-v2	gpu (-t 11, -ngl 10)	12.718	0.0643	[["0.7900", "78.1000", "78.1000"], ["0.8100", "78.8200", "78.8200"], ["0.8000", "78.4900", "78.4900"], ["0.8000", "78.4100", "78.4100"], ["0.8000", "79.3300", "79.3300"]]
arctic-rose-v2	gpu (-t 16, -ngl 10)	16.642	0.6547	[["0.7900", "58.6400", "58.6400"], ["0.7900", "58.5200", "58.5200"], ["0.7900", "60.1600", "60.1600"], ["0.7900", "65.0300", "65.0300"], ["0.7900", "58.5800", "58.5800"]]
arctic-rose-v2	gpu (-t 17, -ngl 10)	0.34	0.0141	[["0.8200", "3127.6100", "3127.6100"], ["0.8200", "2938.6000", "2938.6000"], ["0.8200", "2758.2700", "2758.2700"], ["0.8300", "2839.6000", "2839.6000"], ["0.8300", "2999.6000", "2999.6000"]]
arctic-rose-v2	gpu (-t 1, -ngl 20)	4.056	0.0408	[["0.7900", "245.7300", "245.7300"], ["0.7900", "250.5300", "250.5300"], ["0.7800", "248.2400", "248.2400"], ["0.7800", "243.9400", "243.9400"], ["0.7800", "244.5500", "244.5500"]]
arctic-rose-v2	gpu (-t 6, -ngl 20)	17.072	0.0835	[["0.7900", "58.6400", "58.6400"], ["0.8000", "58.0400", "58.0400"], ["0.7900", "58.7700", "58.7700"], ["0.8000", "58.5900", "58.5900"], ["0.7900", "58.8500", "58.8500"]]
arctic-rose-v2	gpu (-t 11, -ngl 20)	17.254	0.0287	[["0.8000", "57.9700", "57.9700"], ["0.8000", "58.0300", "58.0300"], ["0.8000", "57.8000", "57.8000"], ["0.7900", "57.9200", "57.9200"], ["0.8000", "58.0600", "58.0600"]]
arctic-rose-v2	gpu (-t 16, -ngl 20)	21.23	0.0329	[["0.7900", "47.1800", "47.1800"], ["0.7900", "47.1100", "47.1100"], ["0.8000", "47.1000", "47.1000"], ["0.7900", "47.1600", "47.1600"], ["0.7900", "46.9800", "46.9800"]]
arctic-rose-v2	gpu (-t 17, -ngl 20)	0.64	0.0335	[["0.8200", "1724.2600", "1724.2600"], ["0.8200", "1577.6000", "1577.6000"], ["0.8100", "1503.2700", "1503.2700"], ["0.8100", "1536.9400", "1536.9400"], ["0.8200", "1485.2700", "1485.2700"]]
arctic-rose-v2	gpu (-t 1, -ngl 30)	14.26	0.1616	[["0.7800", "69.5200", "69.5200"], ["0.7800", "69.2800", "69.2800"], ["0.7900", "71.2200", "71.2200"], ["0.7800", "70.9700", "70.9700"], ["0.7800", "69.6400", "69.6400"]]
arctic-rose-v2	gpu (-t 6, -ngl 30)	26.828	0.0662	[["0.7900", "37.3900", "37.3900"], ["0.7900", "37.3200", "37.3200"], ["0.7900", "37.1000", "37.1000"], ["0.7900", "37.2800", "37.2800"], ["0.7900", "37.2800", "37.2800"]]
arctic-rose-v2	gpu (-t 11, -ngl 30)	26.75	0.0219	[["0.8000", "37.3600", "37.3600"], ["0.7900", "37.4400", "37.4400"], ["0.7900", "37.3800", "37.3800"], ["0.8000", "37.3500", "37.3500"], ["0.8000", "37.3900", "37.3900"]]
arctic-rose-v2	gpu (-t 16, -ngl 30)	28.23	0.054	[["0.7900", "35.3600", "35.3600"], ["0.7900", "35.5200", "35.5200"], ["0.7900", "35.3700", "35.3700"], ["0.7900", "35.3700", "35.3700"], ["0.7900", "35.4800", "35.4800"]]
arctic-rose-v2	gpu (-t 17, -ngl 30)	3.2	0.2707	[["0.8200", "325.2700", "325.2700"], ["0.8200", "323.2600", "323.2600"], ["0.8100", "278.2600", "278.2600"], ["0.8200", "292.6000", "292.6000"], ["0.8000", "353.2600", "353.2600"]]
arctic-rose-v2	gpu (-t 1, -ngl 33)	32.284	0.0524	[["0.7700", "30.9200", "30.9200"], ["0.7800", "30.9600", "30.9600"], ["0.7700", "30.9300", "30.9300"], ["0.7700", "31.0100", "31.0100"], ["0.7700", "31.0600", "31.0600"]]
arctic-rose-v2	gpu (-t 6, -ngl 33)	32.184	0.0459	[["0.7700", "31.0200", "31.0200"], ["0.7700", "31.0700", "31.0700"], ["0.7800", "31.0700", "31.0700"], ["0.7700", "31.1500", "31.1500"], ["0.7800", "31.0600", "31.0600"]]
arctic-rose-v2	gpu (-t 11, -ngl 33)	32.15	0.0335	[["0.7800", "31.0800", "31.0800"], ["0.7800", "31.0800", "31.0800"], ["0.7700", "31.0900", "31.0900"], ["0.7800", "31.1600", "31.1600"], ["0.7800", "31.1100", "31.1100"]]
arctic-rose-v2	gpu (-t 16, -ngl 33)	32.148	0.0293	[["0.7800", "31.1000", "31.1000"], ["0.7700", "31.0600", "31.0600"], ["0.7800", "31.1300", "31.1300"], ["0.7800", "31.1000", "31.1000"], ["0.7800", "31.1300", "31.1300"]]
arctic-rose-v2	gpu (-t 17, -ngl 33)	32.15	0.0473	[["0.7700", "31.1100", "31.1100"], ["0.7700", "31.1200", "31.1200"], ["0.7900", "31.1500", "31.1500"], ["0.7600", "31.0200", "31.0200"], ["0.7900", "31.1100", "31.1100"]]
arctic-rose-v2	gpu (cuda, -t 1, -ngl 0)	1.896	0.008	[["0.8000", "528.9400", "528.9400"], ["0.8100", "526.4100", "526.4100"], ["0.8100", "530.4000", "530.4000"], ["0.8100", "528.7200", "528.7200"], ["0.8000", "524.2900", "524.2900"]]
arctic-rose-v2	gpu (cuda, -t 6, -ngl 0)	9.956	0.0436	[["0.8200", "100.0700", "100.0700"], ["0.8200", "101.0100", "101.0100"], ["0.8200", "100.9100", "100.9100"], ["0.8200", "100.3100", "100.3100"], ["0.8200", "99.9300", "99.9300"]]
arctic-rose-v2	gpu (cuda, -t 11, -ngl 0)	10.152	0.0248	[["0.8200", "98.0400", "98.0400"], ["0.8200", "98.7100", "98.7100"], ["0.8200", "98.6100", "98.6100"], ["0.8200", "98.6600", "98.6600"], ["0.8300", "98.5100", "98.5100"]]
arctic-rose-v2	gpu (cuda, -t 16, -ngl 0)	14.258	0.113	[["0.8200", "70.4900", "70.4900"], ["0.8200", "70.5500", "70.5500"], ["0.8300", "70.3400", "70.3400"], ["0.8200", "70.2600", "70.2600"], ["0.8300", "69.0400", "69.0400"]]
arctic-rose-v2	gpu (cuda, -t 17, -ngl 0)	0.208	0.004	[["0.8200", "4773.9400", "4773.9400"], ["0.8300", "4770.6000", "4770.6000"], ["0.8300", "4978.9400", "4978.9400"], ["0.8500", "4664.2700", "4664.2700"], ["0.8500", "4679.6000", "4679.6000"]]
arctic-rose-v2	gpu (cuda, -t 1, -ngl 10)	2.678	0.0183	[["0.8100", "374.2900", "374.2900"], ["0.8100", "370.4500", "370.4500"], ["0.8100", "376.6200", "376.6200"], ["0.8100", "375.9900", "375.9900"], ["0.8100", "370.2600", "370.2600"]]
arctic-rose-v2	gpu (cuda, -t 6, -ngl 10)	13.48	0.0607	[["0.8200", "73.7500", "73.7500"], ["0.8300", "74.5300", "74.5300"], ["0.8300", "74.6300", "74.6300"], ["0.8200", "74.0800", "74.0800"], ["0.8300", "73.9400", "73.9400"]]
arctic-rose-v2	gpu (cuda, -t 11, -ngl 10)	13.578	0.0256	[["0.8100", "73.5000", "73.5000"], ["0.8300", "73.7700", "73.7700"], ["0.8200", "73.6200", "73.6200"], ["0.8200", "73.8500", "73.8500"], ["0.8100", "73.5400", "73.5400"]]
arctic-rose-v2	gpu (cuda, -t 16, -ngl 10)	18.464	0.2338	[["0.8200", "54.2100", "54.2100"], ["0.8200", "53.4200", "53.4200"], ["0.8200", "55.3700", "55.3700"], ["0.8300", "53.5500", "53.5500"], ["0.8200", "54.2800", "54.2800"]]
arctic-rose-v2	gpu (cuda, -t 17, -ngl 10)	0.292	0.0117	[["0.8000", "3252.6000", "3252.6000"], ["0.8000", "3527.9400", "3527.9400"], ["0.7900", "3386.2700", "3386.2700"], ["0.7900", "3450.9300", "3450.9300"], ["0.8000", "3534.9400", "3534.9400"]]
arctic-rose-v2	gpu (cuda, -t 1, -ngl 20)	4.706	0.0332	[["0.8000", "211.9300", "211.9300"], ["0.8100", "212.7900", "212.7900"], ["0.8100", "210.0800", "210.0800"], ["0.8000", "214.4200", "214.4200"], ["0.8100", "213.1100", "213.1100"]]
arctic-rose-v2	gpu (cuda, -t 6, -ngl 20)	22.468	0.0453	[["0.8200", "44.6500", "44.6500"], ["0.8200", "44.4500", "44.4500"], ["0.8300", "44.3800", "44.3800"], ["0.8200", "44.5100", "44.5100"], ["0.8200", "44.5700", "44.5700"]]
arctic-rose-v2	gpu (cuda, -t 11, -ngl 20)	22.412	0.0649	[["0.8200", "44.5000", "44.5000"], ["0.8300", "44.6900", "44.6900"], ["0.8200", "44.6600", "44.6600"], ["0.8200", "44.4500", "44.4500"], ["0.8200", "44.8000", "44.8000"]]
arctic-rose-v2	gpu (cuda, -t 16, -ngl 20)	29.616	0.0628	[["0.8200", "33.6600", "33.6600"], ["0.8100", "33.7800", "33.7800"], ["0.8200", "33.8700", "33.8700"], ["0.8200", "33.7300", "33.7300"], ["0.8200", "33.7800", "33.7800"]]
arctic-rose-v2	gpu (cuda, -t 17, -ngl 20)	0.56	0.021	[["0.7900", "1816.9400", "1816.9400"], ["0.7900", "1808.9300", "1808.9300"], ["0.8000", "1783.9300", "1783.9300"], ["0.7900", "1674.6000", "1674.6000"], ["0.7900", "1836.9300", "1836.9300"]]
arctic-rose-v2	gpu (cuda, -t 1, -ngl 30)	20.108	0.1329	[["0.8100", "49.2900", "49.2900"], ["0.8000", "50.1600", "50.1600"], ["0.8000", "50.0600", "50.0600"], ["0.8100", "49.7000", "49.7000"], ["0.8100", "49.4900", "49.4900"]]
arctic-rose-v2	gpu (cuda, -t 6, -ngl 30)	63.17	0.1043	[["0.8200", "15.8200", "15.8200"], ["0.8200", "15.8400", "15.8400"], ["0.8200", "15.7900", "15.7900"], ["0.8200", "15.8700", "15.8700"], ["0.8200", "15.8300", "15.8300"]]
arctic-rose-v2	gpu (cuda, -t 11, -ngl 30)	62.612	0.0816	[["0.8200", "16.0000", "16.0000"], ["0.8200", "15.9500", "15.9500"], ["0.8200", "15.9500", "15.9500"], ["0.8200", "15.9700", "15.9700"], ["0.8200", "15.9900", "15.9900"]]
arctic-rose-v2	gpu (cuda, -t 16, -ngl 30)	71.35	0.0678	[["0.8200", "14.0200", "14.0200"], ["0.8200", "14.0000", "14.0000"], ["0.8200", "14.0000", "14.0000"], ["0.8200", "14.0300", "14.0300"], ["0.8300", "14.0300", "14.0300"]]
arctic-rose-v2	gpu (cuda, -t 17, -ngl 30)	3.98	0.1452	[["0.8000", "266.6000", "266.6000"], ["0.7900", "256.6000", "256.6000"], ["0.7900", "247.2700", "247.2700"], ["0.7900", "248.2700", "248.2700"], ["0.7900", "239.2700", "239.2700"]]
arctic-rose-v2	gpu (cuda, -t 1, -ngl 33)	125.756	0.252	[["0.7900", "7.9200", "7.9200"], ["0.7900", "7.9600", "7.9600"], ["0.7800", "7.9600", "7.9600"], ["0.7900", "7.9600", "7.9600"], ["0.7900", "7.9600", "7.9600"]]
arctic-rose-v2	gpu (cuda, -t 6, -ngl 33)	125.598	0.1866	[["0.7900", "7.9800", "7.9800"], ["0.7900", "7.9700", "7.9700"], ["0.7800", "7.9600", "7.9600"], ["0.7800", "7.9500", "7.9500"], ["0.7900", "7.9500", "7.9500"]]
arctic-rose-v2	gpu (cuda, -t 11, -ngl 33)	124.44	0.3733	[["0.7900", "8.0300", "8.0300"], ["0.7900", "8.0400", "8.0400"], ["0.7900", "8.0800", "8.0800"], ["0.7900", "8.0100", "8.0100"], ["0.7900", "8.0200", "8.0200"]]
arctic-rose-v2	gpu (cuda, -t 16, -ngl 33)	124.504	0.372	[["0.7900", "8.0200", "8.0200"], ["0.7900", "8.0200", "8.0200"], ["0.7900", "8.0200", "8.0200"], ["0.7900", "8.0800", "8.0800"], ["0.7800", "8.0200", "8.0200"]]
arctic-rose-v2	gpu (cuda, -t 17, -ngl 33)	124.722	0.5563	[["0.7900", "8.0200", "8.0200"], ["0.7800", "8.0300", "8.0300"], ["0.7800", "8.0500", "8.0500"], ["0.7800", "7.9500", "7.9500"], ["0.7900", "8.0400", "8.0400"]]
